PassengerId,SibSp,Parch,Fare,Sex_male,Pclass_2,Pclass_3,Embarked_Q,Embarked_S,Age,Survived
1,0.432550428042,-0.473407724568,-0.87924674922,1.0,0.0,1.0,0.0,1.0,22.0,0
2,0.432550428042,-0.473407724568,1.36045584046,0.0,0.0,0.0,0.0,0.0,38.0,1
3,-0.474278822276,-0.473407724568,-0.798091733785,0.0,0.0,1.0,0.0,1.0,26.0,1
4,0.432550428042,-0.473407724568,1.06144190736,0.0,0.0,0.0,0.0,1.0,35.0,1
5,-0.474278822276,-0.473407724568,-0.783739063774,1.0,0.0,1.0,0.0,1.0,35.0,0
6,-0.474278822276,-0.473407724568,-0.738201698354,1.0,0.0,1.0,1.0,0.0,31.4735704122,0
7,-0.474278822276,-0.473407724568,1.03756282541,1.0,0.0,0.0,0.0,1.0,54.0,0
8,2.24620892868,0.767198988933,0.136422517719,1.0,0.0,1.0,0.0,1.0,2.0,0
9,-0.474278822276,2.00780570243,-0.481185527437,0.0,0.0,1.0,0.0,1.0,27.0,1
10,0.432550428042,-0.473407724568,0.48916317619,0.0,1.0,0.0,0.0,0.0,14.0,1
11,0.432550428042,0.767198988933,-0.091513606539,0.0,0.0,1.0,0.0,1.0,4.0,1
12,-0.474278822276,-0.473407724568,0.365055905693,0.0,0.0,0.0,0.0,1.0,58.0,1
13,-0.474278822276,-0.473407724568,-0.783739063774,1.0,0.0,1.0,0.0,1.0,20.0,0
14,0.432550428042,5.72962584294,0.528402155838,1.0,0.0,1.0,0.0,1.0,39.0,0
15,-0.474278822276,-0.473407724568,-0.806310524526,0.0,0.0,1.0,0.0,1.0,14.0,0
16,-0.474278822276,-0.473407724568,-0.133153736105,0.0,1.0,0.0,0.0,1.0,55.0,1
17,3.153038179,0.767198988933,0.457262722388,1.0,0.0,1.0,1.0,0.0,2.0,0
18,-0.474278822276,-0.473407724568,-0.33351115939,1.0,1.0,0.0,0.0,1.0,31.6559363405,1
19,0.432550428042,-0.473407724568,-0.0183755165472,0.0,0.0,1.0,0.0,1.0,31.0,0
20,-0.474278822276,-0.473407724568,-0.882378588767,0.0,0.0,1.0,0.0,0.0,14.8997747151,1
21,-0.474278822276,-0.473407724568,0.344246137783,1.0,1.0,0.0,0.0,1.0,35.0,0
22,-0.474278822276,-0.473407724568,-0.33351115939,1.0,1.0,0.0,0.0,1.0,34.0,1
23,-0.474278822276,-0.473407724568,-0.786113545887,0.0,0.0,1.0,1.0,0.0,15.0,1
24,-0.474278822276,-0.473407724568,0.655350758553,1.0,0.0,0.0,0.0,1.0,28.0,1
25,2.24620892868,0.767198988933,0.136422517719,0.0,0.0,1.0,0.0,1.0,8.0,0
26,0.432550428042,5.72962584294,0.531992904888,0.0,0.0,1.0,0.0,1.0,38.0,1
27,-0.474278822276,-0.473407724568,-0.882378588767,1.0,0.0,1.0,0.0,0.0,25.100217568,0
28,2.24620892868,2.00780570243,2.69718593185,1.0,0.0,0.0,0.0,1.0,19.0,0
29,-0.474278822276,-0.473407724568,-0.803400927319,0.0,0.0,1.0,1.0,0.0,18.9002918667,1
30,-0.474278822276,-0.473407724568,-0.801473477013,1.0,0.0,1.0,0.0,1.0,25.9559091763,0
31,-0.474278822276,-0.473407724568,0.408004296015,1.0,0.0,0.0,0.0,0.0,40.0,0
32,0.432550428042,-0.473407724568,2.09661737577,0.0,0.0,0.0,0.0,0.0,32.317451406,1
33,-0.474278822276,-0.473407724568,-0.818526863702,0.0,0.0,1.0,1.0,0.0,18.827190773,1
34,-0.474278822276,-0.473407724568,-0.536504447043,1.0,1.0,0.0,0.0,1.0,66.0,0
35,0.432550428042,-0.473407724568,1.50524037653,1.0,0.0,0.0,0.0,0.0,28.0,0
36,0.432550428042,-0.473407724568,1.04024350793,1.0,0.0,0.0,0.0,1.0,42.0,0
37,-0.474278822276,-0.473407724568,-0.881851775003,1.0,0.0,1.0,0.0,0.0,25.1007215394,1
38,-0.474278822276,-0.473407724568,-0.783739063774,1.0,0.0,1.0,0.0,1.0,21.0,0
39,1.33937967836,-0.473407724568,-0.0183755165472,0.0,0.0,1.0,0.0,1.0,18.0,0
40,0.432550428042,-0.473407724568,-0.472007019116,0.0,0.0,1.0,0.0,0.0,14.0,1
41,0.432550428042,-0.473407724568,-0.632841825107,0.0,0.0,1.0,0.0,1.0,40.0,0
42,0.432550428042,-0.473407724568,0.132910522252,0.0,1.0,0.0,0.0,1.0,27.0,0
43,-0.474278822276,-0.473407724568,-0.801473477013,1.0,0.0,1.0,0.0,0.0,25.1871699867,0
44,0.432550428042,2.00780570243,0.814324893575,0.0,1.0,0.0,0.0,0.0,3.0,1
45,-0.474278822276,-0.473407724568,-0.803400927319,0.0,0.0,1.0,1.0,0.0,19.0,1
46,-0.474278822276,-0.473407724568,-0.783739063774,1.0,0.0,1.0,0.0,1.0,26.0272283553,0
47,0.432550428042,-0.473407724568,-0.163960213006,1.0,0.0,1.0,1.0,0.0,36.3957561459,0
48,-0.474278822276,-0.473407724568,-0.818526863702,0.0,0.0,1.0,1.0,0.0,18.827190773,1
49,1.33937967836,-0.473407724568,0.164287443761,1.0,0.0,1.0,0.0,0.0,23.791586181,0
50,0.432550428042,-0.473407724568,-0.0292956220329,0.0,0.0,1.0,0.0,1.0,18.0,0
51,3.153038179,0.767198988933,0.76742841529,1.0,0.0,1.0,0.0,1.0,7.0,0
52,-0.474278822276,-0.473407724568,-0.812646845864,1.0,0.0,1.0,0.0,1.0,21.0,0
53,0.432550428042,-0.473407724568,1.43541378933,0.0,0.0,0.0,0.0,0.0,49.0,1
54,0.432550428042,-0.473407724568,0.344246137783,0.0,1.0,0.0,0.0,1.0,29.0,1
55,-0.474278822276,0.767198988933,1.21826621837,1.0,0.0,0.0,0.0,0.0,65.0,0
56,-0.474278822276,-0.473407724568,0.655350758553,1.0,0.0,0.0,0.0,1.0,44.7689776994,1
57,-0.474278822276,-0.473407724568,-0.536504447043,0.0,1.0,0.0,0.0,1.0,21.0,1
58,-0.474278822276,-0.473407724568,-0.881851775003,1.0,0.0,1.0,0.0,0.0,28.5,0
59,0.432550428042,2.00780570243,0.409052921073,0.0,1.0,0.0,0.0,1.0,5.0,1
60,4.05986742931,2.00780570243,0.935835490025,1.0,0.0,1.0,0.0,1.0,11.0,0
61,-0.474278822276,-0.473407724568,-0.881851775003,1.0,0.0,1.0,0.0,0.0,22.0,0
62,-0.474278822276,-0.473407724568,1.47794847495,0.0,0.0,0.0,0.0,0.0,38.0,1
63,0.432550428042,-0.473407724568,1.52129665401,1.0,0.0,0.0,0.0,1.0,45.0,0
64,2.24620892868,2.00780570243,0.414422960972,1.0,0.0,1.0,0.0,1.0,4.0,0
65,-0.474278822276,-0.473407724568,0.408004296015,1.0,0.0,0.0,0.0,0.0,40.1432557196,0
66,0.432550428042,0.767198988933,-0.179982084728,1.0,0.0,1.0,0.0,0.0,19.885694459,1
67,-0.474278822276,-0.473407724568,-0.536504447043,0.0,1.0,0.0,0.0,1.0,29.0,1
68,-0.474278822276,-0.473407724568,-0.771463293208,1.0,0.0,1.0,0.0,1.0,19.0,0
69,3.153038179,2.00780570243,-0.798091733785,0.0,0.0,1.0,0.0,1.0,17.0,1
70,1.33937967836,-0.473407724568,-0.716159709658,1.0,0.0,1.0,0.0,1.0,26.0,0
71,-0.474278822276,-0.473407724568,-0.536504447043,1.0,1.0,0.0,0.0,1.0,32.0,0
72,4.05986742931,2.00780570243,0.935835490025,0.0,0.0,1.0,0.0,1.0,16.0,0
73,-0.474278822276,-0.473407724568,1.39162663541,1.0,1.0,0.0,0.0,1.0,21.0,0
74,0.432550428042,-0.473407724568,-0.231531222485,1.0,0.0,1.0,0.0,0.0,26.0,0
75,-0.474278822276,-0.473407724568,1.12426407802,1.0,0.0,1.0,0.0,1.0,32.0,1
76,-0.474278822276,-0.473407724568,-0.830388377499,1.0,0.0,1.0,0.0,1.0,25.0,0
77,-0.474278822276,-0.473407724568,-0.801473477013,1.0,0.0,1.0,0.0,1.0,25.9559091763,0
78,-0.474278822276,-0.473407724568,-0.783739063774,1.0,0.0,1.0,0.0,1.0,26.0272283553,0
79,-0.474278822276,2.00780570243,0.452971903987,1.0,1.0,0.0,0.0,1.0,0.83,1
80,-0.474278822276,-0.473407724568,-0.37295317069,0.0,0.0,1.0,0.0,1.0,30.0,1
81,-0.474278822276,-0.473407724568,-0.680730433182,1.0,0.0,1.0,0.0,1.0,22.0,0
82,-0.474278822276,-0.473407724568,-0.630381894649,1.0,0.0,1.0,0.0,1.0,29.0,1
83,-0.474278822276,-0.473407724568,-0.814113712264,0.0,0.0,1.0,1.0,0.0,18.8484830506,1
84,-0.474278822276,-0.473407724568,0.940135247657,1.0,0.0,0.0,0.0,1.0,28.0,0
85,-0.474278822276,-0.473407724568,-0.536504447043,0.0,1.0,0.0,0.0,1.0,17.0,1
86,2.24620892868,-0.473407724568,-0.142299500595,0.0,0.0,1.0,0.0,1.0,33.0,1
87,0.432550428042,3.24841241594,0.623043900794,1.0,0.0,1.0,0.0,1.0,16.0,0
88,-0.474278822276,-0.473407724568,-0.783739063774,1.0,0.0,1.0,0.0,1.0,26.0272283553,0
89,2.24620892868,2.00780570243,2.69718593185,0.0,0.0,0.0,0.0,1.0,23.0,1
90,-0.474278822276,-0.473407724568,-0.783739063774,1.0,0.0,1.0,0.0,1.0,24.0,0
91,-0.474278822276,-0.473407724568,-0.783739063774,1.0,0.0,1.0,0.0,1.0,29.0,0
92,-0.474278822276,-0.473407724568,-0.806310524526,1.0,0.0,1.0,0.0,1.0,20.0,0
93,0.432550428042,-0.473407724568,1.2050042129,1.0,0.0,0.0,0.0,1.0,46.0,0
94,0.432550428042,2.00780570243,0.112780238766,1.0,0.0,1.0,0.0,1.0,26.0,0
95,-0.474278822276,-0.473407724568,-0.87924674922,1.0,0.0,1.0,0.0,1.0,59.0,0
96,-0.474278822276,-0.473407724568,-0.783739063774,1.0,0.0,1.0,0.0,1.0,26.0272283553,0
97,-0.474278822276,-0.473407724568,0.631156598852,1.0,0.0,0.0,0.0,0.0,71.0,0
98,-0.474278822276,0.767198988933,1.24061948536,1.0,0.0,0.0,0.0,0.0,23.0,1
99,-0.474278822276,0.767198988933,0.222701072086,0.0,1.0,0.0,0.0,1.0,34.0,1
100,0.432550428042,-0.473407724568,0.344246137783,1.0,1.0,0.0,0.0,1.0,34.0,0
101,-0.474278822276,-0.473407724568,-0.801473477013,0.0,0.0,1.0,0.0,1.0,28.0,0
102,-0.474278822276,-0.473407724568,-0.801473477013,1.0,0.0,1.0,0.0,1.0,25.9559091763,0
103,-0.474278822276,0.767198988933,1.44279934165,1.0,0.0,0.0,0.0,1.0,21.0,0
104,-0.474278822276,-0.473407724568,-0.717046517999,1.0,0.0,1.0,0.0,1.0,33.0,0
105,1.33937967836,-0.473407724568,-0.798091733785,1.0,0.0,1.0,0.0,1.0,37.0,0
106,-0.474278822276,-0.473407724568,-0.801473477013,1.0,0.0,1.0,0.0,1.0,28.0,0
107,-0.474278822276,-0.473407724568,-0.830388377499,0.0,0.0,1.0,0.0,1.0,21.0,1
108,-0.474278822276,-0.473407724568,-0.815582666731,1.0,0.0,1.0,0.0,1.0,25.8996965033,1
109,-0.474278822276,-0.473407724568,-0.801473477013,1.0,0.0,1.0,0.0,1.0,38.0,0
110,0.432550428042,-0.473407724568,0.271000076006,0.0,0.0,1.0,1.0,0.0,24.6764398534,1
111,-0.474278822276,-0.473407724568,1.04024350793,1.0,0.0,0.0,0.0,1.0,47.0,0
112,0.432550428042,-0.473407724568,-0.231531222485,0.0,0.0,1.0,0.0,0.0,14.5,0
113,-0.474278822276,-0.473407724568,-0.783739063774,1.0,0.0,1.0,0.0,1.0,22.0,0
114,0.432550428042,-0.473407724568,-0.598925240047,0.0,0.0,1.0,0.0,1.0,20.0,0
115,-0.474278822276,-0.473407724568,-0.231257484973,0.0,0.0,1.0,0.0,0.0,17.0,0
116,-0.474278822276,-0.473407724568,-0.798091733785,1.0,0.0,1.0,0.0,1.0,21.0,0
117,-0.474278822276,-0.473407724568,-0.818526863702,1.0,0.0,1.0,1.0,0.0,70.5,0
118,0.432550428042,-0.473407724568,0.132910522252,1.0,1.0,0.0,0.0,1.0,29.0,0
119,-0.474278822276,0.767198988933,2.63483345596,1.0,0.0,0.0,0.0,0.0,24.0,0
120,3.153038179,2.00780570243,0.528402155838,0.0,0.0,1.0,0.0,1.0,2.0,0
121,1.33937967836,-0.473407724568,1.39162663541,1.0,1.0,0.0,0.0,1.0,21.0,0
122,-0.474278822276,-0.473407724568,-0.783739063774,1.0,0.0,1.0,0.0,1.0,26.0272283553,0
123,0.432550428042,-0.473407724568,0.48916317619,1.0,1.0,0.0,0.0,0.0,32.5,0
124,-0.474278822276,-0.473407724568,-0.33351115939,0.0,1.0,0.0,0.0,1.0,32.5,1
125,-0.474278822276,0.767198988933,1.44279934165,1.0,0.0,0.0,0.0,1.0,54.0,0
126,0.432550428042,-0.473407724568,-0.472007019116,1.0,0.0,1.0,0.0,0.0,12.0,1
127,-0.474278822276,-0.473407724568,-0.818526863702,1.0,0.0,1.0,1.0,0.0,31.0998734804,0
128,-0.474278822276,-0.473407724568,-0.892883012073,1.0,0.0,1.0,0.0,1.0,24.0,1
129,0.432550428042,0.767198988933,0.194733993619,0.0,0.0,1.0,0.0,0.0,17.0903369404,1
130,-0.474278822276,-0.473407724568,-0.914231127936,1.0,0.0,1.0,0.0,1.0,45.0,0
131,-0.474278822276,-0.473407724568,-0.801473477013,1.0,0.0,1.0,0.0,0.0,33.0,0
132,-0.474278822276,-0.473407724568,-0.904571709465,1.0,0.0,1.0,0.0,1.0,20.0,0
133,0.432550428042,-0.473407724568,-0.22847749136,0.0,0.0,1.0,0.0,1.0,47.0,0
134,0.432550428042,-0.473407724568,0.344246137783,0.0,1.0,0.0,0.0,1.0,29.0,1
135,-0.474278822276,-0.473407724568,-0.33351115939,1.0,1.0,0.0,0.0,1.0,25.0,0
136,-0.474278822276,-0.473407724568,-0.192765019411,1.0,1.0,0.0,0.0,0.0,23.0,0
137,-0.474278822276,2.00780570243,0.355017456116,0.0,0.0,0.0,0.0,1.0,19.0,1
138,0.432550428042,-0.473407724568,1.06144190736,1.0,0.0,0.0,0.0,1.0,37.0,0
139,-0.474278822276,-0.473407724568,-0.658607135491,1.0,0.0,1.0,0.0,1.0,16.0,0
140,-0.474278822276,-0.473407724568,1.46770580686,1.0,0.0,0.0,0.0,0.0,24.0,0
141,-0.474278822276,2.00780570243,-0.179982084728,0.0,0.0,1.0,0.0,0.0,19.3313370077,0
142,-0.474278822276,-0.473407724568,-0.818526863702,0.0,0.0,1.0,0.0,1.0,22.0,1
143,0.432550428042,-0.473407724568,-0.142299500595,0.0,0.0,1.0,0.0,1.0,24.0,1
144,-0.474278822276,-0.473407724568,-0.943764027574,1.0,0.0,1.0,1.0,0.0,19.0,0
145,-0.474278822276,-0.473407724568,-0.45045960128,1.0,1.0,0.0,0.0,1.0,18.0,0
146,0.432550428042,0.767198988933,0.690099507552,1.0,1.0,0.0,0.0,1.0,19.0,0
147,-0.474278822276,-0.473407724568,-0.813139480414,1.0,0.0,1.0,0.0,1.0,27.0,1
148,1.33937967836,2.00780570243,0.623043900794,0.0,0.0,1.0,0.0,1.0,9.0,0
149,-0.474278822276,2.00780570243,0.344246137783,1.0,1.0,0.0,0.0,1.0,36.5,0
150,-0.474278822276,-0.473407724568,-0.33351115939,1.0,1.0,0.0,0.0,1.0,42.0,0
151,-0.474278822276,-0.473407724568,-0.369131165067,1.0,1.0,0.0,0.0,1.0,51.0,0
152,0.432550428042,-0.473407724568,1.29133117507,0.0,0.0,0.0,0.0,1.0,22.0,1
153,-0.474278822276,-0.473407724568,-0.783739063774,1.0,0.0,1.0,0.0,1.0,55.5,0
154,-0.474278822276,2.00780570243,-0.22847749136,1.0,0.0,1.0,0.0,1.0,40.5,0
155,-0.474278822276,-0.473407724568,-0.871458483281,1.0,0.0,1.0,0.0,1.0,25.6823634908,0
156,-0.474278822276,0.767198988933,1.20838783876,1.0,0.0,0.0,0.0,0.0,51.0,0
157,-0.474278822276,-0.473407724568,-0.82049827744,0.0,0.0,1.0,1.0,0.0,16.0,1
158,-0.474278822276,-0.473407724568,-0.783739063774,1.0,0.0,1.0,0.0,1.0,30.0,0
159,-0.474278822276,-0.473407724568,-0.716159709658,1.0,0.0,1.0,0.0,1.0,26.3046153582,0
160,6.78035518027,2.00780570243,1.33540916021,1.0,0.0,1.0,0.0,1.0,31.504739854,0
161,-0.474278822276,0.767198988933,-0.127101282751,1.0,0.0,1.0,0.0,1.0,44.0,0
162,-0.474278822276,-0.473407724568,-0.148442020747,0.0,1.0,0.0,0.0,1.0,40.0,1
163,-0.474278822276,-0.473407724568,-0.815582666731,1.0,0.0,1.0,0.0,1.0,26.0,0
164,-0.474278822276,-0.473407724568,-0.716159709658,1.0,0.0,1.0,0.0,1.0,17.0,0
165,3.153038179,0.767198988933,0.76742841529,1.0,0.0,1.0,0.0,1.0,1.0,0
166,-0.474278822276,2.00780570243,0.110385944563,1.0,0.0,1.0,0.0,1.0,9.0,1
167,-0.474278822276,0.767198988933,1.09706191304,0.0,0.0,0.0,0.0,1.0,37.8258292686,1
168,0.432550428042,4.48901912944,0.414422960972,0.0,0.0,1.0,0.0,1.0,45.0,0
169,-0.474278822276,-0.473407724568,0.341375648203,1.0,0.0,0.0,0.0,1.0,45.4887228789,0
170,-0.474278822276,-0.473407724568,1.12426407802,1.0,0.0,1.0,0.0,1.0,28.0,0
171,-0.474278822276,-0.473407724568,0.597197890127,1.0,0.0,0.0,0.0,1.0,61.0,0
172,3.153038179,0.767198988933,0.457262722388,1.0,0.0,1.0,1.0,0.0,4.0,0
173,0.432550428042,0.767198988933,-0.481185527437,0.0,0.0,1.0,0.0,1.0,1.0,1
174,-0.474278822276,-0.473407724568,-0.798091733785,1.0,0.0,1.0,0.0,1.0,21.0,0
175,-0.474278822276,-0.473407724568,0.509714999275,1.0,0.0,0.0,0.0,0.0,56.0,0
176,0.432550428042,0.767198988933,-0.806310524526,1.0,0.0,1.0,0.0,1.0,18.0,0
177,2.24620892868,0.767198988933,0.323659416162,1.0,0.0,1.0,0.0,1.0,5.19347668481,0
178,-0.474278822276,-0.473407724568,0.443034783957,0.0,0.0,0.0,0.0,0.0,50.0,0
179,-0.474278822276,-0.473407724568,-0.33351115939,1.0,1.0,0.0,0.0,1.0,30.0,0
180,-0.474278822276,-0.473407724568,-3.05686087373,1.0,0.0,1.0,0.0,1.0,36.0,0
181,6.78035518027,2.00780570243,1.33540916021,0.0,0.0,1.0,0.0,1.0,35.6952128397,0
182,-0.474278822276,-0.473407724568,-0.19249494361,1.0,1.0,0.0,0.0,0.0,28.4482484906,0
183,3.153038179,2.00780570243,0.531992904888,1.0,0.0,1.0,0.0,1.0,9.0,0
184,1.33937967836,0.767198988933,0.749842639246,1.0,1.0,0.0,0.0,1.0,1.0,1
185,-0.474278822276,2.00780570243,0.179903154288,0.0,0.0,1.0,0.0,1.0,4.0,1
186,-0.474278822276,-0.473407724568,1.00054860106,1.0,0.0,0.0,0.0,1.0,42.7273491996,0
187,0.432550428042,-0.473407724568,-0.163960213006,0.0,0.0,1.0,1.0,0.0,23.3902587371,1
188,-0.474278822276,-0.473407724568,0.365055905693,1.0,0.0,0.0,0.0,1.0,45.0,1
189,0.432550428042,0.767198988933,-0.163960213006,1.0,0.0,1.0,1.0,0.0,40.0,0
190,-0.474278822276,-0.473407724568,-0.801473477013,1.0,0.0,1.0,0.0,1.0,36.0,0
191,-0.474278822276,-0.473407724568,-0.33351115939,0.0,1.0,0.0,0.0,1.0,32.0,1
192,-0.474278822276,-0.473407724568,-0.33351115939,1.0,1.0,0.0,0.0,1.0,19.0,0
193,0.432550428042,-0.473407724568,-0.806310524526,0.0,0.0,1.0,0.0,1.0,19.0,1
194,0.432550428042,0.767198988933,0.344246137783,1.0,1.0,0.0,0.0,1.0,3.0,1
195,-0.474278822276,-0.473407724568,0.408004296015,0.0,0.0,0.0,0.0,0.0,44.0,1
196,-0.474278822276,-0.473407724568,2.09661737577,0.0,0.0,0.0,0.0,0.0,58.0,1
197,-0.474278822276,-0.473407724568,-0.818526863702,1.0,0.0,1.0,1.0,0.0,31.0998734804,0
198,-0.474278822276,0.767198988933,-0.744121181498,1.0,0.0,1.0,0.0,1.0,42.0,0
199,-0.474278822276,-0.473407724568,-0.818526863702,0.0,0.0,1.0,1.0,0.0,18.827190773,1
200,-0.474278822276,-0.473407724568,-0.33351115939,0.0,1.0,0.0,0.0,1.0,24.0,0
201,-0.474278822276,-0.473407724568,-0.630381894649,1.0,0.0,1.0,0.0,1.0,28.0,0
202,6.78035518027,2.00780570243,1.33540916021,1.0,0.0,1.0,0.0,1.0,31.504739854,0
203,-0.474278822276,-0.473407724568,-0.978179216899,1.0,0.0,1.0,0.0,1.0,34.0,0
204,-0.474278822276,-0.473407724568,-0.882378588767,1.0,0.0,1.0,0.0,0.0,45.5,0
205,-0.474278822276,-0.473407724568,-0.783739063774,1.0,0.0,1.0,0.0,1.0,18.0,1
206,-0.474278822276,0.767198988933,-0.539874968293,0.0,0.0,1.0,0.0,1.0,2.0,0
207,0.432550428042,-0.473407724568,-0.142299500595,1.0,0.0,1.0,0.0,1.0,32.0,0
208,-0.474278822276,-0.473407724568,0.0235330728315,1.0,0.0,1.0,0.0,0.0,26.0,1
209,-0.474278822276,-0.473407724568,-0.818526863702,0.0,0.0,1.0,1.0,0.0,16.0,1
210,-0.474278822276,-0.473407724568,0.519571807344,1.0,0.0,0.0,0.0,0.0,40.0,1
211,-0.474278822276,-0.473407724568,-0.904571709465,1.0,0.0,1.0,0.0,1.0,24.0,0
212,-0.474278822276,-0.473407724568,0.132910522252,0.0,1.0,0.0,0.0,1.0,35.0,1
213,-0.474278822276,-0.473407724568,-0.87924674922,1.0,0.0,1.0,0.0,1.0,22.0,0
214,-0.474278822276,-0.473407724568,-0.33351115939,1.0,1.0,0.0,0.0,1.0,30.0,0
215,0.432550428042,-0.473407724568,-0.818526863702,1.0,0.0,1.0,1.0,0.0,33.8434955984,0
216,0.432550428042,-0.473407724568,1.83309968894,0.0,0.0,0.0,0.0,0.0,31.0,1
217,-0.474278822276,-0.473407724568,-0.798091733785,0.0,0.0,1.0,0.0,1.0,27.0,1
218,0.432550428042,-0.473407724568,0.381775376823,1.0,1.0,0.0,0.0,1.0,42.0,0
219,-0.474278822276,-0.473407724568,1.42958908961,0.0,0.0,0.0,0.0,0.0,32.0,1
220,-0.474278822276,-0.473407724568,-0.536504447043,1.0,1.0,0.0,0.0,1.0,30.0,0
221,-0.474278822276,-0.473407724568,-0.783739063774,1.0,0.0,1.0,0.0,1.0,16.0,1
222,-0.474278822276,-0.473407724568,-0.33351115939,1.0,1.0,0.0,0.0,1.0,27.0,0
223,-0.474278822276,-0.473407724568,-0.783739063774,1.0,0.0,1.0,0.0,1.0,51.0,0
224,-0.474278822276,-0.473407724568,-0.801473477013,1.0,0.0,1.0,0.0,1.0,25.9559091763,0
225,0.432550428042,-0.473407724568,1.59807701285,1.0,0.0,0.0,0.0,1.0,38.0,1
226,-0.474278822276,-0.473407724568,-0.645230213247,1.0,0.0,1.0,0.0,1.0,22.0,0
227,-0.474278822276,-0.473407724568,-0.536504447043,1.0,1.0,0.0,0.0,1.0,19.0,1
228,-0.474278822276,-0.473407724568,-0.87924674922,1.0,0.0,1.0,0.0,1.0,20.5,0
229,-0.474278822276,-0.473407724568,-0.33351115939,1.0,1.0,0.0,0.0,1.0,18.0,0
230,2.24620892868,0.767198988933,0.323659416162,0.0,0.0,1.0,0.0,1.0,8.00489548063,0
231,0.432550428042,-0.473407724568,1.52129665401,0.0,0.0,0.0,0.0,1.0,35.0,1
232,-0.474278822276,-0.473407724568,-0.815582666731,1.0,0.0,1.0,0.0,1.0,29.0,0
233,-0.474278822276,-0.473407724568,-0.297299010942,1.0,1.0,0.0,0.0,1.0,59.0,0
234,3.153038179,2.00780570243,0.531992904888,0.0,0.0,1.0,0.0,1.0,5.0,1
235,-0.474278822276,-0.473407724568,-0.536504447043,1.0,1.0,0.0,0.0,1.0,24.0,0
236,-0.474278822276,-0.473407724568,-0.842387818965,0.0,0.0,1.0,0.0,1.0,22.9116909878,0
237,0.432550428042,-0.473407724568,0.344246137783,1.0,1.0,0.0,0.0,1.0,44.0,0
238,-0.474278822276,2.00780570243,0.353757175973,0.0,1.0,0.0,0.0,1.0,8.0,1
239,-0.474278822276,-0.473407724568,-0.536504447043,1.0,1.0,0.0,0.0,1.0,19.0,0
240,-0.474278822276,-0.473407724568,-0.388384341797,1.0,1.0,0.0,0.0,1.0,33.0,0
241,0.432550428042,-0.473407724568,-0.231531222485,0.0,0.0,1.0,0.0,0.0,15.0997664838,0
242,0.432550428042,-0.473407724568,-0.163960213006,0.0,0.0,1.0,1.0,0.0,23.3902587371,1
243,-0.474278822276,-0.473407724568,-0.536504447043,1.0,1.0,0.0,0.0,1.0,29.0,0
244,-0.474278822276,-0.473407724568,-0.895001869581,1.0,0.0,1.0,0.0,1.0,22.0,0
245,-0.474278822276,-0.473407724568,-0.882378588767,1.0,0.0,1.0,0.0,0.0,30.0,0
246,1.33937967836,-0.473407724568,1.59807701285,1.0,0.0,0.0,1.0,0.0,44.0,0
247,-0.474278822276,-0.473407724568,-0.815582666731,0.0,0.0,1.0,0.0,1.0,25.0,0
248,-0.474278822276,2.00780570243,-0.22847749136,0.0,1.0,0.0,0.0,1.0,24.0,1
249,0.432550428042,0.767198988933,1.05097807292,1.0,0.0,0.0,0.0,1.0,37.0,1
250,0.432550428042,-0.473407724568,0.344246137783,1.0,1.0,0.0,0.0,1.0,54.0,0
251,-0.474278822276,-0.473407724568,-0.87924674922,1.0,0.0,1.0,0.0,1.0,25.6528177712,0
252,0.432550428042,0.767198988933,-0.539874968293,0.0,0.0,1.0,0.0,1.0,29.0,0
253,-0.474278822276,-0.473407724568,0.365055905693,1.0,0.0,0.0,0.0,1.0,62.0,0
254,0.432550428042,-0.473407724568,-0.127101282751,1.0,0.0,1.0,0.0,1.0,30.0,0
255,-0.474278822276,2.00780570243,0.0952944158908,0.0,0.0,1.0,0.0,1.0,41.0,0
256,-0.474278822276,2.00780570243,-0.179982084728,0.0,0.0,1.0,0.0,0.0,29.0,1
257,-0.474278822276,-0.473407724568,1.46770580686,0.0,0.0,0.0,0.0,0.0,32.061074218,1
258,-0.474278822276,-0.473407724568,1.55760357684,0.0,0.0,0.0,0.0,1.0,30.0,1
259,-0.474278822276,-0.473407724568,3.38339349458,0.0,0.0,0.0,0.0,0.0,35.0,1
260,-0.474278822276,0.767198988933,0.344246137783,0.0,1.0,0.0,0.0,1.0,50.0,1
261,-0.474278822276,-0.473407724568,-0.818526863702,1.0,0.0,1.0,1.0,0.0,31.0998734804,0
262,3.153038179,2.00780570243,0.531992904888,1.0,0.0,1.0,0.0,1.0,3.0,1
263,0.432550428042,0.767198988933,1.473479812,1.0,0.0,0.0,0.0,1.0,52.0,0
264,-0.474278822276,-0.473407724568,-3.05686087373,1.0,0.0,0.0,0.0,1.0,40.0,0
265,-0.474278822276,-0.473407724568,-0.818526863702,0.0,0.0,1.0,1.0,0.0,18.827190773,0
266,-0.474278822276,-0.473407724568,-0.536504447043,1.0,1.0,0.0,0.0,1.0,36.0,0
267,3.153038179,0.767198988933,0.76742841529,1.0,0.0,1.0,0.0,1.0,16.0,0
268,0.432550428042,-0.473407724568,-0.815582666731,1.0,0.0,1.0,0.0,1.0,25.0,1
269,-0.474278822276,0.767198988933,2.14406822735,0.0,0.0,0.0,0.0,1.0,58.0,1
270,-0.474278822276,-0.473407724568,2.0175000704,0.0,0.0,0.0,0.0,1.0,35.0,1
271,-0.474278822276,-0.473407724568,0.519571807344,1.0,0.0,0.0,0.0,1.0,45.2272154306,0
272,-0.474278822276,-0.473407724568,-3.05686087373,1.0,0.0,1.0,0.0,1.0,25.0,1
273,-0.474278822276,0.767198988933,0.0600374060293,0.0,1.0,0.0,0.0,1.0,41.0,1
274,-0.474278822276,0.767198988933,0.476773889546,1.0,0.0,0.0,0.0,0.0,37.0,0
275,-0.474278822276,-0.473407724568,-0.818526863702,0.0,0.0,1.0,1.0,0.0,18.827190773,1
276,0.432550428042,-0.473407724568,1.45160377113,0.0,0.0,0.0,0.0,1.0,63.0,1
277,-0.474278822276,-0.473407724568,-0.818526863702,0.0,0.0,1.0,0.0,1.0,45.0,0
278,-0.474278822276,-0.473407724568,-3.05686087373,1.0,1.0,0.0,0.0,1.0,29.4209485404,0
279,3.153038179,0.767198988933,0.457262722388,1.0,0.0,1.0,1.0,0.0,7.0,0
280,0.432550428042,0.767198988933,0.097117095797,0.0,0.0,1.0,0.0,1.0,35.0,1
281,-0.474278822276,-0.473407724568,-0.818526863702,1.0,0.0,1.0,1.0,0.0,65.0,0
282,-0.474278822276,-0.473407724568,-0.806310524526,1.0,0.0,1.0,0.0,1.0,28.0,0
283,-0.474278822276,-0.473407724568,-0.630381894649,1.0,0.0,1.0,0.0,1.0,16.0,0
284,-0.474278822276,-0.473407724568,-0.783739063774,1.0,0.0,1.0,0.0,1.0,19.0,1
285,-0.474278822276,-0.473407724568,0.344246137783,1.0,0.0,0.0,0.0,1.0,45.4876697091,0
286,-0.474278822276,-0.473407724568,-0.716159709658,1.0,0.0,1.0,0.0,0.0,33.0,0
287,-0.474278822276,-0.473407724568,-0.630381894649,1.0,0.0,1.0,0.0,1.0,30.0,1
288,-0.474278822276,-0.473407724568,-0.801473477013,1.0,0.0,1.0,0.0,1.0,22.0,0
289,-0.474278822276,-0.473407724568,-0.33351115939,1.0,1.0,0.0,0.0,1.0,42.0,1
290,-0.474278822276,-0.473407724568,-0.818526863702,0.0,0.0,1.0,1.0,0.0,22.0,1
291,-0.474278822276,-0.473407724568,1.4631924711,0.0,0.0,0.0,0.0,1.0,26.0,1
292,0.432550428042,-0.473407724568,1.61024314547,0.0,0.0,0.0,0.0,0.0,19.0,1
293,-0.474278822276,-0.473407724568,-0.342766291729,1.0,1.0,0.0,0.0,0.0,36.0,0
294,-0.474278822276,-0.473407724568,-0.696326805702,0.0,0.0,1.0,0.0,1.0,24.0,0
295,-0.474278822276,-0.473407724568,-0.801473477013,1.0,0.0,1.0,0.0,1.0,24.0,0
296,-0.474278822276,-0.473407724568,0.408004296015,1.0,0.0,0.0,0.0,0.0,40.1432557196,0
297,-0.474278822276,-0.473407724568,-0.881851775003,1.0,0.0,1.0,0.0,0.0,23.5,0
298,0.432550428042,2.00780570243,2.13121134741,0.0,0.0,0.0,0.0,1.0,2.0,0
299,-0.474278822276,-0.473407724568,0.503320442521,1.0,0.0,0.0,0.0,1.0,45.2673718003,1
300,-0.474278822276,0.767198988933,2.63483345596,0.0,0.0,0.0,0.0,0.0,50.0,1
301,-0.474278822276,-0.473407724568,-0.818526863702,0.0,0.0,1.0,1.0,0.0,18.827190773,1
302,1.33937967836,-0.473407724568,0.233394850048,1.0,0.0,1.0,1.0,0.0,34.1048159574,1
303,-0.474278822276,-0.473407724568,-3.05686087373,1.0,0.0,1.0,0.0,1.0,19.0,0
304,-0.474278822276,-0.473407724568,-0.382570578033,0.0,1.0,0.0,1.0,0.0,30.1001160237,1
305,-0.474278822276,-0.473407724568,-0.783739063774,1.0,0.0,1.0,0.0,1.0,26.0272283553,0
306,0.432550428042,2.00780570243,2.13121134741,1.0,0.0,0.0,0.0,1.0,0.92,1
307,-0.474278822276,-0.473407724568,1.8112726437,0.0,0.0,0.0,0.0,0.0,31.8640571885,1
308,0.432550428042,-0.473407724568,1.79281587232,0.0,0.0,0.0,0.0,0.0,17.0,1
309,0.432550428042,-0.473407724568,0.264826934934,1.0,1.0,0.0,0.0,0.0,30.0,0
310,-0.474278822276,-0.473407724568,1.13201361312,0.0,0.0,0.0,0.0,0.0,30.0,1
311,-0.474278822276,-0.473407724568,1.5174206,0.0,0.0,0.0,0.0,0.0,24.0,1
312,1.33937967836,2.00780570243,2.69473999485,0.0,0.0,0.0,0.0,0.0,18.0,1
313,0.432550428042,0.767198988933,0.344246137783,0.0,1.0,0.0,0.0,1.0,26.0,0
314,-0.474278822276,-0.473407724568,-0.801473477013,1.0,0.0,1.0,0.0,1.0,28.0,0
315,0.432550428042,0.767198988933,0.353757175973,1.0,1.0,0.0,0.0,1.0,43.0,0
316,-0.474278822276,-0.473407724568,-0.806310524526,0.0,0.0,1.0,0.0,1.0,26.0,1
317,0.432550428042,-0.473407724568,0.344246137783,0.0,1.0,0.0,0.0,1.0,24.0,1
318,-0.474278822276,-0.473407724568,-0.262314632226,1.0,1.0,0.0,0.0,1.0,54.0,0
319,-0.474278822276,2.00780570243,2.21757654215,0.0,0.0,0.0,0.0,1.0,31.0,1
320,0.432550428042,0.767198988933,2.00890498301,0.0,0.0,0.0,0.0,0.0,40.0,1
321,-0.474278822276,-0.473407724568,-0.87924674922,1.0,0.0,1.0,0.0,1.0,22.0,0
322,-0.474278822276,-0.473407724568,-0.801473477013,1.0,0.0,1.0,0.0,1.0,27.0,0
323,-0.474278822276,-0.473407724568,-0.382570578033,0.0,1.0,0.0,1.0,0.0,30.0,1
324,0.432550428042,0.767198988933,0.452971903987,0.0,1.0,0.0,0.0,1.0,22.0,1
325,6.78035518027,2.00780570243,1.33540916021,1.0,0.0,1.0,0.0,1.0,31.504739854,0
326,-0.474278822276,-0.473407724568,2.0175000704,0.0,0.0,0.0,0.0,0.0,36.0,1
327,-0.474278822276,-0.473407724568,-1.0143662902,1.0,0.0,1.0,0.0,1.0,61.0,0
328,-0.474278822276,-0.473407724568,-0.33351115939,0.0,1.0,0.0,0.0,1.0,36.0,1
329,0.432550428042,0.767198988933,0.110385944563,0.0,0.0,1.0,0.0,1.0,31.0,1
330,-0.474278822276,0.767198988933,1.15055063,0.0,0.0,0.0,0.0,0.0,16.0,1
331,1.33937967836,-0.473407724568,0.233394850048,0.0,0.0,1.0,1.0,0.0,22.9671779681,1
332,-0.474278822276,-0.473407724568,0.435627960621,1.0,0.0,0.0,0.0,1.0,45.5,0
333,-0.474278822276,0.767198988933,2.14406822735,1.0,0.0,0.0,0.0,1.0,38.0,0
334,1.33937967836,-0.473407724568,-0.0183755165472,1.0,0.0,1.0,0.0,1.0,16.0,0
335,0.432550428042,-0.473407724568,2.00241116712,0.0,0.0,0.0,0.0,1.0,32.0047378317,1
336,-0.474278822276,-0.473407724568,-0.801473477013,1.0,0.0,1.0,0.0,1.0,25.9559091763,0
337,0.432550428042,-0.473407724568,1.29133117507,1.0,0.0,0.0,0.0,1.0,29.0,0
338,-0.474278822276,-0.473407724568,2.00890498301,0.0,0.0,0.0,0.0,0.0,41.0,1
339,-0.474278822276,-0.473407724568,-0.783739063774,1.0,0.0,1.0,0.0,1.0,45.0,1
340,-0.474278822276,-0.473407724568,0.655350758553,1.0,0.0,0.0,0.0,1.0,45.0,0
341,0.432550428042,0.767198988933,0.344246137783,1.0,1.0,0.0,0.0,1.0,2.0,1
342,2.24620892868,2.00780570243,2.69718593185,0.0,0.0,0.0,0.0,1.0,24.0,1
343,-0.474278822276,-0.473407724568,-0.33351115939,1.0,1.0,0.0,0.0,1.0,28.0,0
344,-0.474278822276,-0.473407724568,-0.33351115939,1.0,1.0,0.0,0.0,1.0,25.0,0
345,-0.474278822276,-0.473407724568,-0.33351115939,1.0,1.0,0.0,0.0,1.0,36.0,0
346,-0.474278822276,-0.473407724568,-0.33351115939,0.0,1.0,0.0,0.0,1.0,24.0,1
347,-0.474278822276,-0.473407724568,-0.33351115939,0.0,1.0,0.0,0.0,1.0,40.0,1
348,0.432550428042,-0.473407724568,-0.127101282751,0.0,0.0,1.0,0.0,1.0,24.2859145535,1
349,0.432550428042,0.767198988933,-0.139241897355,1.0,0.0,1.0,0.0,1.0,3.0,1
350,-0.474278822276,-0.473407724568,-0.716159709658,1.0,0.0,1.0,0.0,1.0,42.0,0
351,-0.474278822276,-0.473407724568,-0.657769132264,1.0,0.0,1.0,0.0,1.0,23.0,0
352,-0.474278822276,-0.473407724568,0.641116873041,1.0,0.0,0.0,0.0,1.0,44.8270487882,0
353,0.432550428042,0.767198988933,-0.881851775003,1.0,0.0,1.0,0.0,0.0,15.0,0
354,0.432550428042,-0.473407724568,-0.0292956220329,1.0,0.0,1.0,0.0,1.0,25.0,0
355,-0.474278822276,-0.473407724568,-0.882378588767,1.0,0.0,1.0,0.0,0.0,25.100217568,0
356,-0.474278822276,-0.473407724568,-0.630381894649,1.0,0.0,1.0,0.0,1.0,28.0,0
357,-0.474278822276,0.767198988933,1.09706191304,0.0,0.0,0.0,0.0,1.0,22.0,1
358,-0.474278822276,-0.473407724568,-0.33351115939,0.0,1.0,0.0,0.0,1.0,38.0,0
359,-0.474278822276,-0.473407724568,-0.803400927319,0.0,0.0,1.0,1.0,0.0,18.9002918667,1
360,-0.474278822276,-0.473407724568,-0.803400927319,0.0,0.0,1.0,1.0,0.0,18.9002918667,1
361,0.432550428042,4.48901912944,0.414422960972,1.0,0.0,1.0,0.0,1.0,40.0,0
362,0.432550428042,-0.473407724568,0.408004296015,1.0,1.0,0.0,0.0,0.0,29.0,0
363,-0.474278822276,0.767198988933,-0.231531222485,0.0,0.0,1.0,0.0,0.0,45.0,0
364,-0.474278822276,-0.473407724568,-0.904571709465,1.0,0.0,1.0,0.0,1.0,35.0,0
365,0.432550428042,-0.473407724568,-0.163960213006,1.0,0.0,1.0,1.0,0.0,36.3957561459,0
366,-0.474278822276,-0.473407724568,-0.87924674922,1.0,0.0,1.0,0.0,1.0,30.0,0
367,0.432550428042,-0.473407724568,1.41558652556,0.0,0.0,0.0,0.0,0.0,60.0,1
368,-0.474278822276,-0.473407724568,-0.881851775003,0.0,0.0,1.0,0.0,0.0,14.9009141373,1
369,-0.474278822276,-0.473407724568,-0.818526863702,0.0,0.0,1.0,1.0,0.0,18.827190773,1
370,-0.474278822276,-0.473407724568,1.33174589638,0.0,0.0,0.0,0.0,0.0,24.0,1
371,0.432550428042,-0.473407724568,1.10516941038,1.0,0.0,0.0,0.0,0.0,25.0,1
372,0.432550428042,-0.473407724568,-0.978179216899,1.0,0.0,1.0,0.0,1.0,18.0,0
373,-0.474278822276,-0.473407724568,-0.783739063774,1.0,0.0,1.0,0.0,1.0,19.0,0
374,-0.474278822276,-0.473407724568,2.0175000704,1.0,0.0,0.0,0.0,0.0,22.0,0
375,2.24620892868,0.767198988933,0.136422517719,0.0,0.0,1.0,0.0,1.0,3.0,0
376,0.432550428042,-0.473407724568,1.50524037653,0.0,0.0,0.0,0.0,0.0,33.9931035879,1
377,-0.474278822276,-0.473407724568,-0.87924674922,0.0,0.0,1.0,0.0,1.0,22.0,1
378,-0.474278822276,2.00780570243,2.47324753634,1.0,0.0,0.0,0.0,0.0,27.0,0
379,-0.474278822276,-0.473407724568,-1.393440338,1.0,0.0,1.0,0.0,0.0,20.0,0
380,-0.474278822276,-0.473407724568,-0.815582666731,1.0,0.0,1.0,0.0,1.0,19.0,0
381,-0.474278822276,-0.473407724568,2.54827333992,0.0,0.0,0.0,0.0,0.0,42.0,1
382,-0.474278822276,2.00780570243,-0.148953497022,0.0,0.0,1.0,0.0,0.0,1.0,1
383,-0.474278822276,-0.473407724568,-0.798091733785,1.0,0.0,1.0,0.0,1.0,32.0,0
384,0.432550428042,-0.473407724568,1.04024350793,0.0,0.0,0.0,0.0,1.0,35.0,1
385,-0.474278822276,-0.473407724568,-0.801473477013,1.0,0.0,1.0,0.0,1.0,25.9559091763,0
386,-0.474278822276,-0.473407724568,1.39162663541,1.0,1.0,0.0,0.0,1.0,18.0,0
387,4.05986742931,2.00780570243,0.935835490025,1.0,0.0,1.0,0.0,1.0,1.0,0
388,-0.474278822276,-0.473407724568,-0.33351115939,0.0,1.0,0.0,0.0,1.0,36.0,1
389,-0.474278822276,-0.473407724568,-0.820982853585,1.0,0.0,1.0,1.0,0.0,31.0884344486,0
390,-0.474278822276,-0.473407724568,-0.409986165268,0.0,1.0,0.0,0.0,0.0,17.0,1
391,0.432550428042,2.00780570243,1.8921088458,1.0,0.0,0.0,0.0,1.0,36.0,1
392,-0.474278822276,-0.473407724568,-0.813139480414,1.0,0.0,1.0,0.0,1.0,21.0,1
393,1.33937967836,-0.473407724568,-0.798091733785,1.0,0.0,1.0,0.0,1.0,28.0,0
394,0.432550428042,-0.473407724568,1.83309968894,0.0,0.0,0.0,0.0,0.0,23.0,1
395,-0.474278822276,2.00780570243,-0.091513606539,0.0,0.0,1.0,0.0,1.0,24.0,1
396,-0.474278822276,-0.473407724568,-0.813139480414,1.0,0.0,1.0,0.0,1.0,22.0,0
397,-0.474278822276,-0.473407724568,-0.806310524526,0.0,0.0,1.0,0.0,1.0,31.0,0
398,-0.474278822276,-0.473407724568,0.344246137783,1.0,1.0,0.0,0.0,1.0,46.0,0
399,-0.474278822276,-0.473407724568,-0.536504447043,1.0,1.0,0.0,0.0,1.0,23.0,0
400,-0.474278822276,-0.473407724568,-0.359637626735,0.0,1.0,0.0,0.0,1.0,28.0,1
401,-0.474278822276,-0.473407724568,-0.798091733785,1.0,0.0,1.0,0.0,1.0,39.0,1
402,-0.474278822276,-0.473407724568,-0.783739063774,1.0,0.0,1.0,0.0,1.0,26.0,0
403,0.432550428042,-0.473407724568,-0.598925240047,0.0,0.0,1.0,0.0,1.0,21.0,0
404,0.432550428042,-0.473407724568,-0.142299500595,1.0,0.0,1.0,0.0,1.0,28.0,0
405,-0.474278822276,-0.473407724568,-0.716159709658,0.0,0.0,1.0,0.0,1.0,20.0,0
406,0.432550428042,-0.473407724568,0.132910522252,1.0,1.0,0.0,0.0,1.0,34.0,0
407,-0.474278822276,-0.473407724568,-0.818526863702,1.0,0.0,1.0,0.0,1.0,51.0,0
408,0.432550428042,0.767198988933,0.0215755502617,1.0,1.0,0.0,0.0,1.0,3.0,1
409,-0.474278822276,-0.473407724568,-0.815582666731,1.0,0.0,1.0,0.0,1.0,21.0,0
410,2.24620892868,0.767198988933,0.323659416162,0.0,0.0,1.0,0.0,1.0,8.00489548063,0
411,-0.474278822276,-0.473407724568,-0.801473477013,1.0,0.0,1.0,0.0,1.0,25.9559091763,0
412,-0.474278822276,-0.473407724568,-0.929443322276,1.0,0.0,1.0,1.0,0.0,30.5865423696,0
413,0.432550428042,-0.473407724568,1.59807701285,0.0,0.0,0.0,1.0,0.0,33.0,1
414,-0.474278822276,-0.473407724568,-3.05686087373,1.0,1.0,0.0,0.0,1.0,29.4209485404,0
415,-0.474278822276,-0.473407724568,-0.798091733785,1.0,0.0,1.0,0.0,1.0,44.0,1
416,-0.474278822276,-0.473407724568,-0.783739063774,0.0,0.0,1.0,0.0,1.0,23.1616644263,0
417,0.432550428042,0.767198988933,0.566844515467,0.0,1.0,0.0,0.0,1.0,34.0,1
418,-0.474278822276,2.00780570243,-0.33351115939,0.0,1.0,0.0,0.0,1.0,18.0,1
419,-0.474278822276,-0.473407724568,-0.33351115939,1.0,1.0,0.0,0.0,1.0,30.0,0
420,-0.474278822276,2.00780570243,0.271000076006,0.0,0.0,1.0,0.0,1.0,10.0,0
421,-0.474278822276,-0.473407724568,-0.801473477013,1.0,0.0,1.0,0.0,0.0,25.1871699867,0
422,-0.474278822276,-0.473407724568,-0.82049827744,1.0,0.0,1.0,1.0,0.0,21.0,0
423,-0.474278822276,-0.473407724568,-0.803889166666,1.0,0.0,1.0,0.0,1.0,29.0,0
424,0.432550428042,0.767198988933,-0.23515674017,0.0,0.0,1.0,0.0,1.0,28.0,0
425,0.432550428042,0.767198988933,0.0952944158908,1.0,0.0,1.0,0.0,1.0,18.0,0
426,-0.474278822276,-0.473407724568,-0.87924674922,1.0,0.0,1.0,0.0,1.0,25.6528177712,0
427,0.432550428042,-0.473407724568,0.344246137783,0.0,1.0,0.0,0.0,1.0,28.0,1
428,-0.474278822276,-0.473407724568,0.344246137783,0.0,1.0,0.0,0.0,1.0,19.0,1
429,-0.474278822276,-0.473407724568,-0.818526863702,1.0,0.0,1.0,1.0,0.0,31.0998734804,0
430,-0.474278822276,-0.473407724568,-0.783739063774,1.0,0.0,1.0,0.0,1.0,32.0,1
431,-0.474278822276,-0.473407724568,0.365055905693,1.0,0.0,0.0,0.0,1.0,28.0,1
432,0.432550428042,-0.473407724568,-0.127101282751,0.0,0.0,1.0,0.0,1.0,24.2859145535,1
433,0.432550428042,-0.473407724568,0.344246137783,0.0,1.0,0.0,0.0,1.0,42.0,1
434,-0.474278822276,-0.473407724568,-0.895001869581,1.0,0.0,1.0,0.0,1.0,17.0,0
435,0.432550428042,-0.473407724568,1.11351480903,1.0,0.0,0.0,0.0,1.0,50.0,0
436,0.432550428042,2.00780570243,1.8921088458,0.0,0.0,0.0,0.0,1.0,14.0,1
437,1.33937967836,2.00780570243,0.623043900794,0.0,0.0,1.0,0.0,1.0,21.0,0
438,1.33937967836,3.24841241594,0.0215755502617,0.0,1.0,0.0,0.0,1.0,24.0,1
439,0.432550428042,4.48901912944,2.69718593185,1.0,0.0,0.0,0.0,1.0,64.0,0
440,-0.474278822276,-0.473407724568,-0.536504447043,1.0,1.0,0.0,0.0,1.0,31.0,0
441,0.432550428042,0.767198988933,0.353757175973,0.0,1.0,0.0,0.0,1.0,45.0,1
442,-0.474278822276,-0.473407724568,-0.630381894649,1.0,0.0,1.0,0.0,1.0,20.0,0
443,0.432550428042,-0.473407724568,-0.815582666731,1.0,0.0,1.0,0.0,1.0,25.0,0
444,-0.474278822276,-0.473407724568,-0.33351115939,0.0,1.0,0.0,0.0,1.0,28.0,1
445,-0.474278822276,-0.473407724568,-0.776636899893,1.0,0.0,1.0,0.0,1.0,26.0559831042,1
446,-0.474278822276,2.00780570243,1.50135573539,1.0,0.0,0.0,0.0,1.0,4.0,1
447,-0.474278822276,0.767198988933,0.0600374060293,0.0,1.0,0.0,0.0,1.0,13.0,1
448,-0.474278822276,-0.473407724568,0.365055905693,1.0,0.0,0.0,0.0,1.0,34.0,1
449,1.33937967836,0.767198988933,0.0477982840054,0.0,0.0,1.0,0.0,0.0,5.0,1
450,-0.474278822276,-0.473407724568,0.503320442521,1.0,0.0,0.0,0.0,1.0,52.0,1
451,0.432550428042,2.00780570243,0.409052921073,1.0,1.0,0.0,0.0,1.0,36.0,0
452,0.432550428042,-0.473407724568,0.0832669802536,1.0,0.0,1.0,0.0,1.0,27.167217737,0
453,-0.474278822276,-0.473407724568,0.409052921073,1.0,0.0,0.0,0.0,0.0,30.0,0
454,0.432550428042,-0.473407724568,1.58786830765,1.0,0.0,0.0,0.0,0.0,49.0,1
455,-0.474278822276,-0.473407724568,-0.783739063774,1.0,0.0,1.0,0.0,1.0,26.0272283553,0
456,-0.474278822276,-0.473407724568,-0.801473477013,1.0,0.0,1.0,0.0,0.0,29.0,1
457,-0.474278822276,-0.473407724568,0.365055905693,1.0,0.0,0.0,0.0,1.0,65.0,0
458,0.432550428042,-0.473407724568,1.03756282541,0.0,0.0,0.0,0.0,1.0,38.1571430501,1
459,-0.474278822276,-0.473407724568,-0.536504447043,0.0,1.0,0.0,0.0,1.0,50.0,1
460,-0.474278822276,-0.473407724568,-0.818526863702,1.0,0.0,1.0,1.0,0.0,31.0998734804,0
461,-0.474278822276,-0.473407724568,0.365055905693,1.0,0.0,0.0,0.0,1.0,48.0,1
462,-0.474278822276,-0.473407724568,-0.783739063774,1.0,0.0,1.0,0.0,1.0,34.0,0
463,-0.474278822276,-0.473407724568,0.736862086476,1.0,0.0,0.0,0.0,1.0,47.0,0
464,-0.474278822276,-0.473407724568,-0.33351115939,1.0,1.0,0.0,0.0,1.0,48.0,0
465,-0.474278822276,-0.473407724568,-0.783739063774,1.0,0.0,1.0,0.0,1.0,26.0272283553,0
466,-0.474278822276,-0.473407724568,-0.904571709465,1.0,0.0,1.0,0.0,1.0,38.0,0
467,-0.474278822276,-0.473407724568,-3.05686087373,1.0,1.0,0.0,0.0,1.0,29.4209485404,0
468,-0.474278822276,-0.473407724568,0.365055905693,1.0,0.0,0.0,0.0,1.0,56.0,0
469,-0.474278822276,-0.473407724568,-0.821479484711,1.0,0.0,1.0,1.0,0.0,31.0861214567,0
470,1.33937967836,0.767198988933,0.0477982840054,0.0,0.0,1.0,0.0,0.0,0.75,1
471,-0.474278822276,-0.473407724568,-0.87924674922,1.0,0.0,1.0,0.0,1.0,25.6528177712,0
472,-0.474278822276,-0.473407724568,-0.716159709658,1.0,0.0,1.0,0.0,1.0,38.0,0
473,0.432550428042,2.00780570243,0.409052921073,0.0,1.0,0.0,0.0,1.0,33.0,1
474,-0.474278822276,-0.473407724568,-0.276745274009,0.0,1.0,0.0,0.0,0.0,23.0,1
475,-0.474278822276,-0.473407724568,-0.5977343105,0.0,0.0,1.0,0.0,1.0,22.0,0
476,-0.474278822276,-0.473407724568,1.04024350793,1.0,0.0,0.0,0.0,1.0,42.4255324442,0
477,0.432550428042,-0.473407724568,0.132910522252,1.0,1.0,0.0,0.0,1.0,34.0,0
478,0.432550428042,-0.473407724568,-0.905110253622,1.0,0.0,1.0,0.0,1.0,29.0,0
479,-0.474278822276,-0.473407724568,-0.845918138256,1.0,0.0,1.0,0.0,1.0,22.0,0
480,-0.474278822276,0.767198988933,-0.38741310376,0.0,0.0,1.0,0.0,1.0,2.0,1
481,4.05986742931,2.00780570243,0.935835490025,1.0,0.0,1.0,0.0,1.0,9.0,0
482,-0.474278822276,-0.473407724568,-3.05686087373,1.0,1.0,0.0,0.0,1.0,29.4209485404,0
483,-0.474278822276,-0.473407724568,-0.783739063774,1.0,0.0,1.0,0.0,1.0,50.0,0
484,-0.474278822276,-0.473407724568,-0.621818025262,0.0,0.0,1.0,0.0,1.0,63.0,1
485,0.432550428042,-0.473407724568,1.61024314547,1.0,0.0,0.0,0.0,0.0,25.0,1
486,2.24620892868,0.767198988933,0.323659416162,0.0,0.0,1.0,0.0,1.0,8.00489548063,0
487,0.432550428042,-0.473407724568,1.59807701285,0.0,0.0,0.0,0.0,1.0,35.0,1
488,-0.474278822276,-0.473407724568,0.476773889546,1.0,0.0,0.0,0.0,0.0,58.0,0
489,-0.474278822276,-0.473407724568,-0.783739063774,1.0,0.0,1.0,0.0,1.0,30.0,0
490,0.432550428042,0.767198988933,-0.139241897355,1.0,0.0,1.0,0.0,1.0,9.0,1
491,0.432550428042,-0.473407724568,0.0832669802536,1.0,0.0,1.0,0.0,1.0,27.167217737,0
492,-0.474278822276,-0.473407724568,-0.87924674922,1.0,0.0,1.0,0.0,1.0,21.0,0
493,-0.474278822276,-0.473407724568,0.503320442521,1.0,0.0,0.0,0.0,1.0,55.0,0
494,-0.474278822276,-0.473407724568,0.99046744011,1.0,0.0,0.0,0.0,0.0,71.0,0
495,-0.474278822276,-0.473407724568,-0.783739063774,1.0,0.0,1.0,0.0,1.0,21.0,0
496,-0.474278822276,-0.473407724568,-0.231257484973,1.0,0.0,1.0,0.0,0.0,26.0401449536,0
497,0.432550428042,-0.473407724568,1.45562653369,0.0,0.0,0.0,0.0,0.0,54.0,1
498,-0.474278822276,-0.473407724568,-0.189285173251,1.0,0.0,1.0,0.0,1.0,28.4021559829,0
499,0.432550428042,2.00780570243,2.13121134741,0.0,0.0,0.0,0.0,1.0,25.0,0
500,-0.474278822276,-0.473407724568,-0.813139480414,1.0,0.0,1.0,0.0,1.0,24.0,0
501,-0.474278822276,-0.473407724568,-0.716159709658,1.0,0.0,1.0,0.0,1.0,17.0,0
502,-0.474278822276,-0.473407724568,-0.818526863702,0.0,0.0,1.0,1.0,0.0,21.0,0
503,-0.474278822276,-0.473407724568,-0.832872794534,0.0,0.0,1.0,1.0,0.0,18.7581919687,0
504,-0.474278822276,-0.473407724568,-0.621818025262,0.0,0.0,1.0,0.0,1.0,37.0,0
505,-0.474278822276,-0.473407724568,1.55760357684,0.0,0.0,0.0,0.0,1.0,16.0,1
506,0.432550428042,-0.473407724568,1.79281587232,1.0,0.0,0.0,0.0,0.0,18.0,0
507,-0.474278822276,2.00780570243,0.344246137783,0.0,1.0,0.0,0.0,1.0,33.0,1
508,-0.474278822276,-0.473407724568,0.365055905693,1.0,0.0,0.0,0.0,1.0,45.4769121527,1
509,-0.474278822276,-0.473407724568,0.202072435213,1.0,0.0,1.0,0.0,1.0,28.0,0
510,-0.474278822276,-0.473407724568,1.12426407802,1.0,0.0,1.0,0.0,1.0,26.0,1
511,-0.474278822276,-0.473407724568,-0.818526863702,1.0,0.0,1.0,1.0,0.0,29.0,1
512,-0.474278822276,-0.473407724568,-0.783739063774,1.0,0.0,1.0,0.0,1.0,26.0272283553,0
513,-0.474278822276,-0.473407724568,0.355176301118,1.0,0.0,0.0,0.0,1.0,36.0,1
514,0.432550428042,-0.473407724568,1.17511521186,0.0,0.0,0.0,0.0,0.0,54.0,1
515,-0.474278822276,-0.473407724568,-0.848950298268,1.0,0.0,1.0,0.0,1.0,24.0,0
516,-0.474278822276,-0.473407724568,0.612659293971,1.0,0.0,0.0,0.0,1.0,47.0,0
517,-0.474278822276,-0.473407724568,-0.536504447043,0.0,1.0,0.0,0.0,1.0,34.0,1
518,-0.474278822276,-0.473407724568,0.271000076006,1.0,0.0,1.0,1.0,0.0,34.3285508184,0
519,0.432550428042,-0.473407724568,0.344246137783,0.0,1.0,0.0,0.0,1.0,36.0,1
520,-0.474278822276,-0.473407724568,-0.801473477013,1.0,0.0,1.0,0.0,1.0,32.0,0
521,-0.474278822276,-0.473407724568,1.63702277969,0.0,0.0,0.0,0.0,1.0,30.0,1
522,-0.474278822276,-0.473407724568,-0.801473477013,1.0,0.0,1.0,0.0,1.0,22.0,0
523,-0.474278822276,-0.473407724568,-0.882378588767,1.0,0.0,1.0,0.0,0.0,25.100217568,0
524,-0.474278822276,0.767198988933,1.15055063,0.0,0.0,0.0,0.0,0.0,44.0,1
525,-0.474278822276,-0.473407724568,-0.881851775003,1.0,0.0,1.0,0.0,0.0,25.1007215394,0
526,-0.474278822276,-0.473407724568,-0.818526863702,1.0,0.0,1.0,1.0,0.0,40.5,0
527,-0.474278822276,-0.473407724568,-0.536504447043,0.0,1.0,0.0,0.0,1.0,50.0,1
528,-0.474278822276,-0.473407724568,2.5219955291,1.0,0.0,0.0,0.0,1.0,30.3900919472,0
529,-0.474278822276,-0.473407724568,-0.798091733785,1.0,0.0,1.0,0.0,1.0,39.0,0
530,1.33937967836,0.767198988933,-0.45045960128,1.0,1.0,0.0,0.0,1.0,23.0,0
531,0.432550428042,0.767198988933,0.344246137783,0.0,1.0,0.0,0.0,1.0,2.0,1
532,-0.474278822276,-0.473407724568,-0.881851775003,1.0,0.0,1.0,0.0,0.0,25.1007215394,0
533,0.432550428042,0.767198988933,-0.881851775003,1.0,0.0,1.0,0.0,0.0,17.0,0
534,-0.474278822276,2.00780570243,0.194733993619,0.0,0.0,1.0,0.0,0.0,20.0066670266,1
535,-0.474278822276,-0.473407724568,-0.716159709658,0.0,0.0,1.0,0.0,1.0,30.0,0
536,-0.474278822276,2.00780570243,0.353757175973,0.0,1.0,0.0,0.0,1.0,7.0,1
537,-0.474278822276,-0.473407724568,0.365055905693,1.0,0.0,0.0,0.0,1.0,45.0,0
538,-0.474278822276,-0.473407724568,1.76931040572,0.0,0.0,0.0,0.0,0.0,30.0,1
539,-0.474278822276,-0.473407724568,-0.22847749136,1.0,0.0,1.0,0.0,1.0,28.2690420613,0
540,-0.474278822276,2.00780570243,0.990381618937,0.0,0.0,0.0,0.0,0.0,22.0,1
541,-0.474278822276,2.00780570243,1.35640340926,0.0,0.0,0.0,0.0,1.0,36.0,1
542,3.153038179,2.00780570243,0.528402155838,0.0,0.0,1.0,0.0,1.0,9.0,0
543,3.153038179,2.00780570243,0.528402155838,0.0,0.0,1.0,0.0,1.0,11.0,0
544,0.432550428042,-0.473407724568,0.344246137783,1.0,1.0,0.0,0.0,1.0,32.0,1
545,0.432550428042,-0.473407724568,1.76931040572,1.0,0.0,0.0,0.0,0.0,50.0,0
546,-0.474278822276,-0.473407724568,0.344246137783,1.0,0.0,0.0,0.0,1.0,64.0,0
547,0.432550428042,-0.473407724568,0.344246137783,0.0,1.0,0.0,0.0,1.0,19.0,1
548,-0.474278822276,-0.473407724568,-0.271817707944,1.0,1.0,0.0,0.0,0.0,28.1187539207,1
549,0.432550428042,0.767198988933,0.110385944563,1.0,0.0,1.0,0.0,1.0,33.0,0
550,0.432550428042,0.767198988933,0.690099507552,1.0,1.0,0.0,0.0,1.0,8.0,1
551,-0.474278822276,2.00780570243,1.8112726437,1.0,0.0,0.0,0.0,0.0,17.0,1
552,-0.474278822276,-0.473407724568,0.344246137783,1.0,1.0,0.0,0.0,1.0,27.0,0
553,-0.474278822276,-0.473407724568,-0.809228348661,1.0,0.0,1.0,1.0,0.0,31.143188885,0
554,-0.474278822276,-0.473407724568,-0.882378588767,1.0,0.0,1.0,0.0,0.0,22.0,1
555,-0.474278822276,-0.473407724568,-0.815582666731,0.0,0.0,1.0,0.0,1.0,22.0,1
556,-0.474278822276,-0.473407724568,0.365055905693,1.0,0.0,0.0,0.0,1.0,62.0,0
557,0.432550428042,-0.473407724568,0.765206799064,0.0,0.0,0.0,0.0,0.0,48.0,1
558,-0.474278822276,-0.473407724568,2.54827333992,1.0,0.0,0.0,0.0,0.0,32.1031716725,0
559,0.432550428042,0.767198988933,1.473479812,0.0,0.0,0.0,0.0,1.0,39.0,1
560,0.432550428042,-0.473407724568,-0.0514887427309,0.0,0.0,1.0,0.0,1.0,36.0,1
561,-0.474278822276,-0.473407724568,-0.818526863702,1.0,0.0,1.0,1.0,0.0,31.0998734804,0
562,-0.474278822276,-0.473407724568,-0.801473477013,1.0,0.0,1.0,0.0,1.0,40.0,0
563,-0.474278822276,-0.473407724568,-0.297299010942,1.0,1.0,0.0,0.0,1.0,28.0,0
564,-0.474278822276,-0.473407724568,-0.783739063774,1.0,0.0,1.0,0.0,1.0,26.0272283553,0
565,-0.474278822276,-0.473407724568,-0.783739063774,0.0,0.0,1.0,0.0,1.0,23.1616644263,0
566,1.33937967836,-0.473407724568,0.271000076006,1.0,0.0,1.0,0.0,1.0,24.0,0
567,-0.474278822276,-0.473407724568,-0.801473477013,1.0,0.0,1.0,0.0,1.0,19.0,0
568,-0.474278822276,4.48901912944,0.136422517719,0.0,0.0,1.0,0.0,1.0,29.0,0
569,-0.474278822276,-0.473407724568,-0.881851775003,1.0,0.0,1.0,0.0,0.0,25.1007215394,0
570,-0.474278822276,-0.473407724568,-0.806310524526,1.0,0.0,1.0,0.0,1.0,32.0,1
571,-0.474278822276,-0.473407724568,-0.536504447043,1.0,1.0,0.0,0.0,1.0,62.0,1
572,1.33937967836,-0.473407724568,1.03005308374,0.0,0.0,0.0,0.0,1.0,53.0,1
573,-0.474278822276,-0.473407724568,0.358951121381,1.0,0.0,0.0,0.0,1.0,36.0,1
574,-0.474278822276,-0.473407724568,-0.818526863702,0.0,0.0,1.0,1.0,0.0,18.827190773,1
575,-0.474278822276,-0.473407724568,-0.783739063774,1.0,0.0,1.0,0.0,1.0,16.0,0
576,-0.474278822276,-0.473407724568,-0.22847749136,1.0,0.0,1.0,0.0,1.0,19.0,0
577,-0.474278822276,-0.473407724568,-0.33351115939,0.0,1.0,0.0,0.0,1.0,34.0,1
578,0.432550428042,-0.473407724568,1.11351480903,0.0,0.0,0.0,0.0,1.0,39.0,1
579,0.432550428042,-0.473407724568,-0.231257484973,0.0,0.0,1.0,0.0,0.0,15.1008841828,0
580,-0.474278822276,-0.473407724568,-0.798091733785,1.0,0.0,1.0,0.0,1.0,32.0,1
581,0.432550428042,0.767198988933,0.486809044854,0.0,1.0,0.0,0.0,1.0,25.0,1
582,0.432550428042,0.767198988933,1.8112726437,0.0,0.0,0.0,0.0,0.0,39.0,1
583,-0.474278822276,-0.473407724568,0.344246137783,1.0,1.0,0.0,0.0,1.0,54.0,0
584,-0.474278822276,-0.473407724568,0.778465315563,1.0,0.0,0.0,0.0,0.0,36.0,0
585,-0.474278822276,-0.473407724568,-0.710833554151,1.0,0.0,1.0,0.0,0.0,25.3039739641,0
586,-0.474278822276,2.00780570243,1.473479812,0.0,0.0,0.0,0.0,1.0,18.0,1
587,-0.474278822276,-0.473407724568,-0.19571472887,1.0,1.0,0.0,0.0,1.0,47.0,0
588,0.432550428042,0.767198988933,1.46770580686,1.0,0.0,0.0,0.0,0.0,60.0,1
589,-0.474278822276,-0.473407724568,-0.783739063774,1.0,0.0,1.0,0.0,1.0,22.0,0
590,-0.474278822276,-0.473407724568,-0.783739063774,1.0,0.0,1.0,0.0,1.0,26.0272283553,0
591,-0.474278822276,-0.473407724568,-0.895001869581,1.0,0.0,1.0,0.0,1.0,35.0,0
592,0.432550428042,-0.473407724568,1.45562653369,0.0,0.0,0.0,0.0,0.0,52.0,1
593,-0.474278822276,-0.473407724568,-0.87924674922,1.0,0.0,1.0,0.0,1.0,47.0,0
594,-0.474278822276,2.00780570243,-0.818526863702,0.0,0.0,1.0,1.0,0.0,36.0359158735,0
595,0.432550428042,-0.473407724568,0.344246137783,1.0,1.0,0.0,0.0,1.0,37.0,0
596,0.432550428042,0.767198988933,0.271000076006,1.0,0.0,1.0,0.0,1.0,36.0,0
597,-0.474278822276,-0.473407724568,0.582132800109,0.0,1.0,0.0,0.0,1.0,29.5538966038,1
598,-0.474278822276,-0.473407724568,-3.05686087373,1.0,0.0,1.0,0.0,1.0,49.0,0
599,-0.474278822276,-0.473407724568,-0.882378588767,1.0,0.0,1.0,0.0,0.0,25.100217568,0
600,0.432550428042,-0.473407724568,1.13201361312,1.0,0.0,0.0,0.0,0.0,49.0,1
601,1.33937967836,0.767198988933,0.381775376823,0.0,1.0,0.0,0.0,1.0,24.0,1
602,-0.474278822276,-0.473407724568,-0.801473477013,1.0,0.0,1.0,0.0,1.0,25.9559091763,0
603,-0.474278822276,-0.473407724568,0.834028318646,1.0,0.0,0.0,0.0,1.0,43.854496648,0
604,-0.474278822276,-0.473407724568,-0.783739063774,1.0,0.0,1.0,0.0,1.0,44.0,0
605,-0.474278822276,-0.473407724568,0.365055905693,1.0,0.0,0.0,0.0,0.0,35.0,1
606,0.432550428042,-0.473407724568,-0.160837849539,1.0,0.0,1.0,0.0,1.0,36.0,0
607,-0.474278822276,-0.473407724568,-0.801473477013,1.0,0.0,1.0,0.0,1.0,30.0,0
608,-0.474278822276,-0.473407724568,0.503320442521,1.0,0.0,0.0,0.0,1.0,27.0,1
609,0.432550428042,2.00780570243,0.814324893575,0.0,1.0,0.0,0.0,0.0,22.0,1
610,-0.474278822276,-0.473407724568,2.14406822735,0.0,0.0,0.0,0.0,1.0,40.0,1
611,0.432550428042,5.72962584294,0.528402155838,0.0,0.0,1.0,0.0,1.0,39.0,0
612,-0.474278822276,-0.473407724568,-0.904571709465,1.0,0.0,1.0,0.0,1.0,25.5581577343,0
613,0.432550428042,-0.473407724568,-0.163960213006,0.0,0.0,1.0,1.0,0.0,23.3902587371,1
614,-0.474278822276,-0.473407724568,-0.818526863702,1.0,0.0,1.0,1.0,0.0,31.0998734804,0
615,-0.474278822276,-0.473407724568,-0.783739063774,1.0,0.0,1.0,0.0,1.0,35.0,0
616,0.432550428042,2.00780570243,1.26661285942,0.0,1.0,0.0,0.0,1.0,24.0,1
617,0.432550428042,0.767198988933,-0.23515674017,1.0,0.0,1.0,0.0,1.0,34.0,0
618,0.432550428042,-0.473407724568,-0.127101282751,0.0,0.0,1.0,0.0,1.0,26.0,0
619,1.33937967836,0.767198988933,0.749842639246,0.0,1.0,0.0,0.0,1.0,4.0,1
620,-0.474278822276,-0.473407724568,-0.536504447043,1.0,1.0,0.0,0.0,1.0,26.0,0
621,0.432550428042,-0.473407724568,-0.231531222485,1.0,0.0,1.0,0.0,0.0,27.0,0
622,0.432550428042,-0.473407724568,1.05097807292,1.0,0.0,0.0,0.0,1.0,42.0,1
623,0.432550428042,0.767198988933,-0.148953497022,1.0,0.0,1.0,0.0,0.0,20.0,1
624,-0.474278822276,-0.473407724568,-0.806310524526,1.0,0.0,1.0,0.0,1.0,21.0,0
625,-0.474278822276,-0.473407724568,-0.127101282751,1.0,0.0,1.0,0.0,1.0,21.0,0
626,-0.474278822276,-0.473407724568,0.56130958766,1.0,0.0,0.0,0.0,1.0,61.0,0
627,-0.474278822276,-0.473407724568,-0.382570578033,1.0,1.0,0.0,1.0,0.0,57.0,0
628,-0.474278822276,-0.473407724568,1.45160377113,0.0,0.0,0.0,0.0,1.0,21.0,1
629,-0.474278822276,-0.473407724568,-0.801473477013,1.0,0.0,1.0,0.0,1.0,26.0,0
630,-0.474278822276,-0.473407724568,-0.82049827744,1.0,0.0,1.0,1.0,0.0,31.0906913365,0
631,-0.474278822276,-0.473407724568,0.486809044854,1.0,0.0,0.0,0.0,1.0,80.0,1
632,-0.474278822276,-0.473407724568,-0.904033446214,1.0,0.0,1.0,0.0,1.0,51.0,0
633,-0.474278822276,-0.473407724568,0.503320442521,1.0,0.0,0.0,0.0,0.0,32.0,1
634,-0.474278822276,-0.473407724568,-3.05686087373,1.0,0.0,0.0,0.0,1.0,38.9000492623,0
635,2.24620892868,2.00780570243,0.414422960972,0.0,0.0,1.0,0.0,1.0,9.0,0
636,-0.474278822276,-0.473407724568,-0.33351115939,0.0,1.0,0.0,0.0,1.0,28.0,1
637,-0.474278822276,-0.473407724568,-0.798091733785,1.0,0.0,1.0,0.0,1.0,32.0,0
638,0.432550428042,0.767198988933,0.353757175973,1.0,1.0,0.0,0.0,1.0,31.0,0
639,-0.474278822276,5.72962584294,0.76742841529,0.0,0.0,1.0,0.0,1.0,41.0,0
640,0.432550428042,-0.473407724568,-0.127101282751,1.0,0.0,1.0,0.0,1.0,26.7851351363,0
641,-0.474278822276,-0.473407724568,-0.806310524526,1.0,0.0,1.0,0.0,1.0,20.0,0
642,-0.474278822276,-0.473407724568,1.33174589638,0.0,0.0,0.0,0.0,0.0,24.0,1
643,2.24620892868,2.00780570243,0.414422960972,0.0,0.0,1.0,0.0,1.0,2.0,0
644,-0.474278822276,-0.473407724568,1.12426407802,1.0,0.0,1.0,0.0,1.0,28.0995849221,1
645,1.33937967836,0.767198988933,0.0477982840054,0.0,0.0,1.0,0.0,0.0,0.75,1
646,0.432550428042,-0.473407724568,1.43541378933,1.0,0.0,0.0,0.0,0.0,48.0,1
647,-0.474278822276,-0.473407724568,-0.801473477013,1.0,0.0,1.0,0.0,1.0,19.0,0
648,-0.474278822276,-0.473407724568,0.655350758553,1.0,0.0,0.0,0.0,0.0,56.0,1
649,-0.474278822276,-0.473407724568,-0.842387818965,1.0,0.0,1.0,0.0,1.0,25.7943191088,0
650,-0.474278822276,-0.473407724568,-0.842387818965,0.0,0.0,1.0,0.0,1.0,23.0,1
651,-0.474278822276,-0.473407724568,-0.801473477013,1.0,0.0,1.0,0.0,1.0,25.9559091763,0
652,-0.474278822276,0.767198988933,0.222701072086,0.0,1.0,0.0,0.0,1.0,18.0,1
653,-0.474278822276,-0.473407724568,-0.740932914717,1.0,0.0,1.0,0.0,1.0,21.0,0
654,-0.474278822276,-0.473407724568,-0.809228348661,0.0,0.0,1.0,1.0,0.0,18.8720883993,1
655,-0.474278822276,-0.473407724568,-0.943764027574,0.0,0.0,1.0,1.0,0.0,18.0,0
656,1.33937967836,-0.473407724568,1.39162663541,1.0,1.0,0.0,0.0,1.0,24.0,0
657,-0.474278822276,-0.473407724568,-0.801473477013,1.0,0.0,1.0,0.0,1.0,25.9559091763,0
658,0.432550428042,0.767198988933,-0.163960213006,0.0,0.0,1.0,1.0,0.0,32.0,0
659,-0.474278822276,-0.473407724568,-0.33351115939,1.0,1.0,0.0,0.0,1.0,23.0,0
660,-0.474278822276,2.00780570243,1.83309968894,1.0,0.0,0.0,0.0,0.0,58.0,0
661,1.33937967836,-0.473407724568,2.00241116712,1.0,0.0,0.0,0.0,1.0,50.0,1
662,-0.474278822276,-0.473407724568,-0.882378588767,1.0,0.0,1.0,0.0,0.0,40.0,0
663,-0.474278822276,-0.473407724568,0.328358708898,1.0,0.0,0.0,0.0,1.0,47.0,0
664,-0.474278822276,-0.473407724568,-0.848950298268,1.0,0.0,1.0,0.0,1.0,36.0,0
665,0.432550428042,-0.473407724568,-0.798091733785,1.0,0.0,1.0,0.0,1.0,20.0,1
666,1.33937967836,-0.473407724568,1.39162663541,1.0,1.0,0.0,0.0,1.0,32.0,0
667,-0.474278822276,-0.473407724568,-0.33351115939,1.0,1.0,0.0,0.0,1.0,25.0,0
668,-0.474278822276,-0.473407724568,-0.815582666731,1.0,0.0,1.0,0.0,1.0,25.8996965033,0
669,-0.474278822276,-0.473407724568,-0.783739063774,1.0,0.0,1.0,0.0,1.0,43.0,0
670,0.432550428042,-0.473407724568,1.04024350793,0.0,0.0,0.0,0.0,1.0,38.1402616777,1
671,0.432550428042,0.767198988933,0.749842639246,0.0,1.0,0.0,0.0,1.0,40.0,1
672,0.432550428042,-0.473407724568,1.04024350793,1.0,0.0,0.0,0.0,1.0,31.0,0
673,-0.474278822276,-0.473407724568,-0.536504447043,1.0,1.0,0.0,0.0,1.0,70.0,0
674,-0.474278822276,-0.473407724568,-0.33351115939,1.0,1.0,0.0,0.0,1.0,31.0,1
675,-0.474278822276,-0.473407724568,-3.05686087373,1.0,1.0,0.0,0.0,1.0,29.4209485404,0
676,-0.474278822276,-0.473407724568,-0.815582666731,1.0,0.0,1.0,0.0,1.0,18.0,0
677,-0.474278822276,-0.473407724568,-0.783739063774,1.0,0.0,1.0,0.0,1.0,24.5,0
678,-0.474278822276,-0.473407724568,-0.597334466458,0.0,0.0,1.0,0.0,1.0,18.0,1
679,0.432550428042,6.97023255644,0.935835490025,0.0,0.0,1.0,0.0,1.0,43.0,0
680,-0.474278822276,0.767198988933,3.38339349458,1.0,0.0,0.0,0.0,0.0,36.0,1
681,-0.474278822276,-0.473407724568,-0.77380966432,0.0,0.0,1.0,1.0,0.0,19.0442142694,0
682,-0.474278822276,-0.473407724568,1.43541378933,1.0,0.0,0.0,0.0,0.0,27.0,1
683,-0.474278822276,-0.473407724568,-0.657769132264,1.0,0.0,1.0,0.0,1.0,20.0,0
684,4.05986742931,2.00780570243,0.935835490025,1.0,0.0,1.0,0.0,1.0,14.0,0
685,0.432550428042,0.767198988933,0.749842639246,1.0,1.0,0.0,0.0,1.0,60.0,0
686,0.432550428042,2.00780570243,0.814324893575,1.0,1.0,0.0,0.0,0.0,25.0,0
687,3.153038179,0.767198988933,0.76742841529,1.0,0.0,1.0,0.0,1.0,14.0,0
688,-0.474278822276,-0.473407724568,-0.566475920432,1.0,0.0,1.0,0.0,1.0,19.0,0
689,-0.474278822276,-0.473407724568,-0.813139480414,1.0,0.0,1.0,0.0,1.0,18.0,0
690,-0.474278822276,0.767198988933,2.47245810361,0.0,0.0,0.0,0.0,1.0,15.0,1
691,0.432550428042,-0.473407724568,1.13327406149,1.0,0.0,0.0,0.0,1.0,31.0,1
692,-0.474278822276,0.767198988933,-0.303244424353,0.0,0.0,1.0,0.0,0.0,4.0,1
693,-0.474278822276,-0.473407724568,1.12426407802,1.0,0.0,1.0,0.0,1.0,28.0995849221,1
694,-0.474278822276,-0.473407724568,-0.882378588767,1.0,0.0,1.0,0.0,0.0,25.0,0
695,-0.474278822276,-0.473407724568,0.365055905693,1.0,0.0,0.0,0.0,1.0,60.0,0
696,-0.474278822276,-0.473407724568,-0.297299010942,1.0,1.0,0.0,0.0,1.0,52.0,0
697,-0.474278822276,-0.473407724568,-0.783739063774,1.0,0.0,1.0,0.0,1.0,44.0,0
698,-0.474278822276,-0.473407724568,-0.82049827744,0.0,0.0,1.0,1.0,0.0,18.8176890963,1
699,0.432550428042,0.767198988933,1.8112726437,1.0,0.0,0.0,0.0,0.0,49.0,0
700,-0.474278822276,-0.473407724568,-0.830388377499,1.0,0.0,1.0,0.0,1.0,42.0,0
701,0.432550428042,-0.473407724568,2.54827333992,0.0,0.0,0.0,0.0,0.0,18.0,1
702,-0.474278822276,-0.473407724568,0.355176301118,1.0,0.0,0.0,0.0,1.0,35.0,1
703,-0.474278822276,0.767198988933,-0.231531222485,0.0,0.0,1.0,0.0,0.0,18.0,0
704,-0.474278822276,-0.473407724568,-0.819506197381,1.0,0.0,1.0,1.0,0.0,25.0,0
705,0.432550428042,-0.473407724568,-0.806310524526,1.0,0.0,1.0,0.0,1.0,26.0,0
706,-0.474278822276,-0.473407724568,0.344246137783,1.0,1.0,0.0,0.0,1.0,39.0,0
707,-0.474278822276,-0.473407724568,-0.297299010942,0.0,1.0,0.0,0.0,1.0,45.0,1
708,-0.474278822276,-0.473407724568,0.355176301118,1.0,0.0,0.0,0.0,1.0,42.0,1
709,-0.474278822276,-0.473407724568,2.13121134741,0.0,0.0,0.0,0.0,1.0,22.0,1
710,0.432550428042,0.767198988933,-0.179982084728,1.0,0.0,1.0,0.0,0.0,19.885694459,1
711,-0.474278822276,-0.473407724568,0.99046744011,0.0,0.0,0.0,0.0,0.0,24.0,1
712,-0.474278822276,-0.473407724568,0.365055905693,1.0,0.0,0.0,0.0,1.0,45.4769121527,0
713,0.432550428042,-0.473407724568,1.04024350793,1.0,0.0,0.0,0.0,1.0,48.0,1
714,-0.474278822276,-0.473407724568,-0.632024477778,1.0,0.0,1.0,0.0,1.0,29.0,0
715,-0.474278822276,-0.473407724568,-0.33351115939,1.0,1.0,0.0,0.0,1.0,52.0,0
716,-0.474278822276,-0.473407724568,-0.830388377499,1.0,0.0,1.0,0.0,1.0,19.0,0
717,-0.474278822276,-0.473407724568,2.54827333992,0.0,0.0,0.0,0.0,0.0,38.0,1
718,-0.474278822276,-0.473407724568,-0.536504447043,0.0,1.0,0.0,0.0,1.0,27.0,1
719,-0.474278822276,-0.473407724568,-0.163960213006,1.0,0.0,1.0,1.0,0.0,33.7192445186,0
720,-0.474278822276,-0.473407724568,-0.815582666731,1.0,0.0,1.0,0.0,1.0,33.0,0
721,-0.474278822276,0.767198988933,0.582132800109,0.0,1.0,0.0,0.0,1.0,6.0,1
722,0.432550428042,-0.473407724568,-0.904033446214,1.0,0.0,1.0,0.0,1.0,17.0,0
723,-0.474278822276,-0.473407724568,-0.33351115939,1.0,1.0,0.0,0.0,1.0,34.0,0
724,-0.474278822276,-0.473407724568,-0.33351115939,1.0,1.0,0.0,0.0,1.0,50.0,0
725,0.432550428042,-0.473407724568,1.06144190736,1.0,0.0,0.0,0.0,1.0,27.0,1
726,-0.474278822276,-0.473407724568,-0.716159709658,1.0,0.0,1.0,0.0,1.0,20.0,0
727,2.24620892868,-0.473407724568,0.132910522252,0.0,1.0,0.0,0.0,1.0,30.0,1
728,-0.474278822276,-0.473407724568,-0.82000211819,0.0,0.0,1.0,1.0,0.0,18.8200798677,1
729,0.432550428042,-0.473407724568,0.344246137783,1.0,1.0,0.0,0.0,1.0,25.0,0
730,0.432550428042,-0.473407724568,-0.798091733785,0.0,0.0,1.0,0.0,1.0,25.0,0
731,-0.474278822276,-0.473407724568,2.47245810361,0.0,0.0,0.0,0.0,1.0,29.0,1
732,-0.474278822276,-0.473407724568,0.0235330728315,1.0,0.0,1.0,0.0,0.0,11.0,0
733,-0.474278822276,-0.473407724568,-3.05686087373,1.0,1.0,0.0,0.0,1.0,29.4209485404,0
734,-0.474278822276,-0.473407724568,-0.33351115939,1.0,1.0,0.0,0.0,1.0,23.0,0
735,-0.474278822276,-0.473407724568,-0.33351115939,1.0,1.0,0.0,0.0,1.0,23.0,0
736,-0.474278822276,-0.473407724568,-0.127101282751,1.0,0.0,1.0,0.0,1.0,28.5,0
737,0.432550428042,3.24841241594,0.623043900794,0.0,0.0,1.0,0.0,1.0,48.0,0
738,-0.474278822276,-0.473407724568,3.38339349458,1.0,0.0,0.0,0.0,0.0,35.0,1
739,-0.474278822276,-0.473407724568,-0.801473477013,1.0,0.0,1.0,0.0,1.0,25.9559091763,0
740,-0.474278822276,-0.473407724568,-0.801473477013,1.0,0.0,1.0,0.0,1.0,25.9559091763,0
741,-0.474278822276,-0.473407724568,0.486809044854,1.0,0.0,0.0,0.0,1.0,45.3048696685,1
742,0.432550428042,-0.473407724568,1.4631924711,1.0,0.0,0.0,0.0,1.0,36.0,0
743,1.33937967836,2.00780570243,2.69473999485,0.0,0.0,0.0,0.0,0.0,21.0,1
744,0.432550428042,-0.473407724568,-0.127101282751,1.0,0.0,1.0,0.0,1.0,24.0,0
745,-0.474278822276,-0.473407724568,-0.798091733785,1.0,0.0,1.0,0.0,1.0,31.0,1
746,0.432550428042,0.767198988933,1.35640340926,1.0,0.0,0.0,0.0,1.0,70.0,0
747,0.432550428042,0.767198988933,0.097117095797,1.0,0.0,1.0,0.0,1.0,16.0,0
748,-0.474278822276,-0.473407724568,-0.33351115939,0.0,1.0,0.0,0.0,1.0,30.0,1
749,0.432550428042,-0.473407724568,1.06144190736,1.0,0.0,0.0,0.0,1.0,19.0,0
750,-0.474278822276,-0.473407724568,-0.818526863702,1.0,0.0,1.0,1.0,0.0,31.0,0
751,0.432550428042,0.767198988933,0.222701072086,0.0,1.0,0.0,0.0,1.0,4.0,1
752,-0.474278822276,0.767198988933,-0.37295317069,1.0,0.0,1.0,0.0,1.0,6.0,1
753,-0.474278822276,-0.473407724568,-0.630381894649,1.0,0.0,1.0,0.0,1.0,33.0,0
754,-0.474278822276,-0.473407724568,-0.801473477013,1.0,0.0,1.0,0.0,1.0,23.0,0
755,0.432550428042,2.00780570243,1.26661285942,0.0,1.0,0.0,0.0,1.0,48.0,1
756,0.432550428042,0.767198988933,-0.22847749136,1.0,1.0,0.0,0.0,1.0,0.67,1
757,-0.474278822276,-0.473407724568,-0.813139480414,1.0,0.0,1.0,0.0,1.0,28.0,0
758,-0.474278822276,-0.473407724568,-0.45045960128,1.0,1.0,0.0,0.0,1.0,18.0,0
759,-0.474278822276,-0.473407724568,-0.783739063774,1.0,0.0,1.0,0.0,1.0,34.0,0
760,-0.474278822276,-0.473407724568,1.55760357684,0.0,0.0,0.0,0.0,1.0,33.0,1
761,-0.474278822276,-0.473407724568,-0.22847749136,1.0,0.0,1.0,0.0,1.0,28.2690420613,0
762,-0.474278822276,-0.473407724568,-0.895001869581,1.0,0.0,1.0,0.0,1.0,41.0,0
763,-0.474278822276,-0.473407724568,-0.881851775003,1.0,0.0,1.0,0.0,0.0,20.0,1
764,0.432550428042,2.00780570243,1.8921088458,0.0,0.0,0.0,0.0,1.0,36.0,1
765,-0.474278822276,-0.473407724568,-0.815582666731,1.0,0.0,1.0,0.0,1.0,16.0,0
766,0.432550428042,-0.473407724568,1.45160377113,0.0,0.0,0.0,0.0,1.0,51.0,1
767,-0.474278822276,-0.473407724568,0.765206799064,1.0,0.0,0.0,0.0,0.0,39.668131535,0
768,-0.474278822276,-0.473407724568,-0.818526863702,0.0,0.0,1.0,1.0,0.0,30.5,0
769,0.432550428042,-0.473407724568,0.271000076006,1.0,0.0,1.0,1.0,0.0,36.9930217517,0
770,-0.474278822276,-0.473407724568,-0.748707175086,1.0,0.0,1.0,0.0,1.0,32.0,0
771,-0.474278822276,-0.473407724568,-0.630381894649,1.0,0.0,1.0,0.0,1.0,24.0,0
772,-0.474278822276,-0.473407724568,-0.806310524526,1.0,0.0,1.0,0.0,1.0,48.0,0
773,-0.474278822276,-0.473407724568,-0.536504447043,0.0,1.0,0.0,0.0,1.0,57.0,0
774,-0.474278822276,-0.473407724568,-0.882378588767,1.0,0.0,1.0,0.0,0.0,25.100217568,0
775,0.432550428042,3.24841241594,0.222701072086,0.0,1.0,0.0,0.0,1.0,54.0,1
776,-0.474278822276,-0.473407724568,-0.818526863702,1.0,0.0,1.0,0.0,1.0,18.0,0
777,-0.474278822276,-0.473407724568,-0.818526863702,1.0,0.0,1.0,1.0,0.0,31.0998734804,0
778,-0.474278822276,-0.473407724568,-0.37295317069,0.0,0.0,1.0,0.0,1.0,5.0,1
779,-0.474278822276,-0.473407724568,-0.82000211819,1.0,0.0,1.0,1.0,0.0,31.0930022124,0
780,-0.474278822276,0.767198988933,2.47245810361,0.0,0.0,0.0,0.0,1.0,43.0,1
781,-0.474278822276,-0.473407724568,-0.881851775003,0.0,0.0,1.0,0.0,0.0,13.0,1
782,0.432550428042,-0.473407724568,1.13327406149,0.0,0.0,0.0,0.0,1.0,17.0,1
783,-0.474278822276,-0.473407724568,0.486809044854,1.0,0.0,0.0,0.0,1.0,29.0,0
784,0.432550428042,2.00780570243,0.241870793704,1.0,0.0,1.0,0.0,1.0,17.1863185097,0
785,-0.474278822276,-0.473407724568,-0.904571709465,1.0,0.0,1.0,0.0,1.0,25.0,0
786,-0.474278822276,-0.473407724568,-0.87924674922,1.0,0.0,1.0,0.0,1.0,25.0,0
787,-0.474278822276,-0.473407724568,-0.848950298268,0.0,0.0,1.0,0.0,1.0,18.0,1
788,3.153038179,0.767198988933,0.457262722388,1.0,0.0,1.0,1.0,0.0,8.0,0
789,0.432550428042,2.00780570243,0.112780238766,1.0,0.0,1.0,0.0,1.0,1.0,1
790,-0.474278822276,-0.473407724568,1.46770580686,1.0,0.0,0.0,0.0,0.0,46.0,0
791,-0.474278822276,-0.473407724568,-0.818526863702,1.0,0.0,1.0,1.0,0.0,31.0998734804,0
792,-0.474278822276,-0.473407724568,0.344246137783,1.0,1.0,0.0,0.0,1.0,16.0,0
793,6.78035518027,2.00780570243,1.33540916021,0.0,0.0,1.0,0.0,1.0,35.6952128397,0
794,-0.474278822276,-0.473407724568,0.509714999275,1.0,0.0,0.0,0.0,0.0,40.1078007081,0
795,-0.474278822276,-0.473407724568,-0.801473477013,1.0,0.0,1.0,0.0,1.0,25.0,0
796,-0.474278822276,-0.473407724568,-0.33351115939,1.0,1.0,0.0,0.0,1.0,39.0,0
797,-0.474278822276,-0.473407724568,0.341536606845,0.0,0.0,0.0,0.0,1.0,49.0,1
798,-0.474278822276,-0.473407724568,-0.713940688753,0.0,0.0,1.0,0.0,1.0,31.0,1
799,-0.474278822276,-0.473407724568,-0.881851775003,1.0,0.0,1.0,0.0,0.0,30.0,0
800,0.432550428042,0.767198988933,0.271000076006,0.0,0.0,1.0,0.0,1.0,30.0,0
801,-0.474278822276,-0.473407724568,-0.33351115939,1.0,1.0,0.0,0.0,1.0,34.0,0
802,0.432550428042,0.767198988933,0.353757175973,0.0,1.0,0.0,0.0,1.0,31.0,1
803,0.432550428042,2.00780570243,1.8921088458,1.0,0.0,0.0,0.0,1.0,11.0,1
804,-0.474278822276,0.767198988933,-0.731849602853,1.0,0.0,1.0,0.0,0.0,0.42,1
805,-0.474278822276,-0.473407724568,-0.914231127936,1.0,0.0,1.0,0.0,1.0,27.0,1
806,-0.474278822276,-0.473407724568,-0.815582666731,1.0,0.0,1.0,0.0,1.0,31.0,0
807,-0.474278822276,-0.473407724568,-3.05686087373,1.0,0.0,0.0,0.0,1.0,39.0,0
808,-0.474278822276,-0.473407724568,-0.815582666731,0.0,0.0,1.0,0.0,1.0,18.0,0
809,-0.474278822276,-0.473407724568,-0.33351115939,1.0,1.0,0.0,0.0,1.0,39.0,0
810,0.432550428042,-0.473407724568,1.06144190736,0.0,0.0,0.0,0.0,1.0,33.0,1
811,-0.474278822276,-0.473407724568,-0.802436752156,1.0,0.0,1.0,0.0,1.0,26.0,0
812,-0.474278822276,-0.473407724568,0.271000076006,1.0,0.0,1.0,0.0,1.0,39.0,0
813,-0.474278822276,-0.473407724568,-0.536504447043,1.0,1.0,0.0,0.0,1.0,35.0,0
814,3.153038179,2.00780570243,0.528402155838,0.0,0.0,1.0,0.0,1.0,6.0,0
815,-0.474278822276,-0.473407724568,-0.783739063774,1.0,0.0,1.0,0.0,1.0,30.5,0
816,-0.474278822276,-0.473407724568,-3.05686087373,1.0,0.0,0.0,0.0,1.0,38.9000492623,0
817,-0.474278822276,-0.473407724568,-0.798091733785,0.0,0.0,1.0,0.0,1.0,23.0,0
818,0.432550428042,0.767198988933,0.697025069928,1.0,1.0,0.0,0.0,0.0,31.0,0
819,-0.474278822276,-0.473407724568,-0.984503805138,1.0,0.0,1.0,0.0,1.0,43.0,0
820,2.24620892868,2.00780570243,0.414422960972,1.0,0.0,1.0,0.0,1.0,10.0,0
821,0.432550428042,0.767198988933,1.63702277969,0.0,0.0,0.0,0.0,1.0,52.0,1
822,-0.474278822276,-0.473407724568,-0.716159709658,1.0,0.0,1.0,0.0,1.0,27.0,1
823,-0.474278822276,-0.473407724568,-3.05686087373,1.0,0.0,0.0,0.0,1.0,38.0,0
824,-0.474278822276,0.767198988933,-0.37295317069,0.0,0.0,1.0,0.0,1.0,27.0,1
825,3.153038179,0.767198988933,0.76742841529,1.0,0.0,1.0,0.0,1.0,2.0,0
826,-0.474278822276,-0.473407724568,-0.917471131661,1.0,0.0,1.0,1.0,0.0,30.6414265771,0
827,-0.474278822276,-0.473407724568,1.12426407802,1.0,0.0,1.0,0.0,1.0,28.0995849221,0
828,-0.474278822276,2.00780570243,0.697025069928,1.0,1.0,0.0,0.0,0.0,1.0,1
829,-0.474278822276,-0.473407724568,-0.818526863702,1.0,0.0,1.0,1.0,0.0,31.0998734804,1
830,-0.474278822276,-0.473407724568,1.47794847495,0.0,0.0,0.0,0.0,0.0,62.0,1
831,0.432550428042,-0.473407724568,-0.231531222485,0.0,0.0,1.0,0.0,0.0,15.0,1
832,0.432550428042,0.767198988933,0.0215755502617,1.0,1.0,0.0,0.0,1.0,0.83,1
833,-0.474278822276,-0.473407724568,-0.881851775003,1.0,0.0,1.0,0.0,0.0,25.1007215394,0
834,-0.474278822276,-0.473407724568,-0.806310524526,1.0,0.0,1.0,0.0,1.0,23.0,0
835,-0.474278822276,-0.473407724568,-0.75561905852,1.0,0.0,1.0,0.0,1.0,18.0,0
836,0.432550428042,0.767198988933,1.5174206,0.0,0.0,0.0,0.0,0.0,39.0,1
837,-0.474278822276,-0.473407724568,-0.716159709658,1.0,0.0,1.0,0.0,1.0,21.0,0
838,-0.474278822276,-0.473407724568,-0.783739063774,1.0,0.0,1.0,0.0,1.0,26.0272283553,0
839,-0.474278822276,-0.473407724568,1.12426407802,1.0,0.0,1.0,0.0,1.0,32.0,1
840,-0.474278822276,-0.473407724568,0.476773889546,1.0,0.0,0.0,0.0,0.0,40.1283730411,1
841,-0.474278822276,-0.473407724568,-0.798091733785,1.0,0.0,1.0,0.0,1.0,20.0,0
842,-0.474278822276,-0.473407724568,-0.536504447043,1.0,1.0,0.0,0.0,1.0,16.0,0
843,-0.474278822276,-0.473407724568,0.519571807344,0.0,0.0,0.0,0.0,0.0,30.0,1
844,-0.474278822276,-0.473407724568,-0.986236702839,1.0,0.0,1.0,0.0,0.0,34.5,0
845,-0.474278822276,-0.473407724568,-0.716159709658,1.0,0.0,1.0,0.0,1.0,17.0,0
846,-0.474278822276,-0.473407724568,-0.842387818965,1.0,0.0,1.0,0.0,1.0,42.0,0
847,6.78035518027,2.00780570243,1.33540916021,1.0,0.0,1.0,0.0,1.0,31.504739854,0
848,-0.474278822276,-0.473407724568,-0.801473477013,1.0,0.0,1.0,0.0,0.0,35.0,0
849,-0.474278822276,0.767198988933,0.582132800109,1.0,1.0,0.0,0.0,1.0,28.0,0
850,0.432550428042,-0.473407724568,1.58786830765,0.0,0.0,0.0,0.0,0.0,33.7499308693,1
851,3.153038179,2.00780570243,0.528402155838,1.0,0.0,1.0,0.0,1.0,4.0,0
852,-0.474278822276,-0.473407724568,-0.815582666731,1.0,0.0,1.0,0.0,1.0,74.0,0
853,0.432550428042,0.767198988933,-0.179982084728,0.0,0.0,1.0,0.0,0.0,9.0,0
854,-0.474278822276,0.767198988933,0.760110787035,0.0,0.0,0.0,0.0,1.0,16.0,1
855,0.432550428042,-0.473407724568,0.344246137783,0.0,1.0,0.0,0.0,1.0,44.0,0
856,-0.474278822276,0.767198988933,-0.645230213247,0.0,0.0,1.0,0.0,1.0,18.0,1
857,0.432550428042,0.767198988933,2.21757654215,0.0,0.0,0.0,0.0,1.0,45.0,1
858,-0.474278822276,-0.473407724568,0.365055905693,1.0,0.0,0.0,0.0,1.0,51.0,1
859,-0.474278822276,3.24841241594,0.0477982840054,0.0,0.0,1.0,0.0,0.0,24.0,1
860,-0.474278822276,-0.473407724568,-0.881851775003,1.0,0.0,1.0,0.0,0.0,25.1007215394,0
861,1.33937967836,-0.473407724568,-0.254890790915,1.0,0.0,1.0,0.0,1.0,41.0,0
862,0.432550428042,-0.473407724568,-0.45045960128,1.0,1.0,0.0,0.0,1.0,21.0,0
863,-0.474278822276,-0.473407724568,0.341536606845,0.0,0.0,0.0,0.0,1.0,48.0,1
864,6.78035518027,2.00780570243,1.33540916021,0.0,0.0,1.0,0.0,1.0,35.6952128397,0
865,-0.474278822276,-0.473407724568,-0.33351115939,1.0,1.0,0.0,0.0,1.0,24.0,0
866,-0.474278822276,-0.473407724568,-0.33351115939,0.0,1.0,0.0,0.0,1.0,42.0,1
867,0.432550428042,-0.473407724568,-0.272109365602,0.0,1.0,0.0,0.0,0.0,27.0,1
868,-0.474278822276,-0.473407724568,1.01053222987,1.0,0.0,0.0,0.0,1.0,31.0,0
869,-0.474278822276,-0.473407724568,-0.630381894649,1.0,0.0,1.0,0.0,1.0,26.6649957601,0
870,0.432550428042,0.767198988933,-0.481185527437,1.0,0.0,1.0,0.0,1.0,4.0,1
871,-0.474278822276,-0.473407724568,-0.801473477013,1.0,0.0,1.0,0.0,1.0,26.0,0
872,0.432550428042,0.767198988933,1.05097807292,0.0,0.0,0.0,0.0,1.0,47.0,1
873,-0.474278822276,-0.473407724568,-1.20787200034,1.0,0.0,0.0,0.0,1.0,33.0,0
874,-0.474278822276,-0.473407724568,-0.680730433182,1.0,0.0,1.0,0.0,1.0,47.0,0
875,0.432550428042,-0.473407724568,0.264826934934,0.0,1.0,0.0,0.0,0.0,28.0,1
876,-0.474278822276,-0.473407724568,-0.882378588767,0.0,0.0,1.0,0.0,0.0,15.0,1
877,-0.474278822276,-0.473407724568,-0.596944291893,1.0,0.0,1.0,0.0,1.0,20.0,0
878,-0.474278822276,-0.473407724568,-0.801473477013,1.0,0.0,1.0,0.0,1.0,19.0,0
879,-0.474278822276,-0.473407724568,-0.801473477013,1.0,0.0,1.0,0.0,1.0,25.9559091763,0
880,-0.474278822276,0.767198988933,1.5174206,0.0,0.0,0.0,0.0,0.0,56.0,1
881,-0.474278822276,0.767198988933,0.344246137783,0.0,1.0,0.0,0.0,1.0,25.0,1
882,-0.474278822276,-0.473407724568,-0.801473477013,1.0,0.0,1.0,0.0,1.0,33.0,0
883,-0.474278822276,-0.473407724568,-0.535006977234,0.0,0.0,1.0,0.0,1.0,22.0,0
884,-0.474278822276,-0.473407724568,-0.536504447043,1.0,1.0,0.0,0.0,1.0,28.0,0
885,-0.474278822276,-0.473407724568,-0.904571709465,1.0,0.0,1.0,0.0,1.0,25.0,0
886,-0.474278822276,5.72962584294,0.457262722388,0.0,0.0,1.0,1.0,0.0,39.0,0
887,-0.474278822276,-0.473407724568,-0.33351115939,1.0,1.0,0.0,0.0,1.0,27.0,0
888,-0.474278822276,-0.473407724568,0.486809044854,0.0,0.0,0.0,0.0,1.0,19.0,1
889,0.432550428042,2.00780570243,0.241870793704,0.0,0.0,1.0,0.0,1.0,26.4058284851,0
890,-0.474278822276,-0.473407724568,0.486809044854,1.0,0.0,0.0,0.0,0.0,26.0,1
891,-0.474278822276,-0.473407724568,-0.818526863702,1.0,0.0,1.0,1.0,0.0,32.0,0
